Portfolio Name,Category,Set,Name,Card Number,Rarity,Variance,Grade,Card Condition,Purchase Price,Quantity,Market Price,Watchlist,Date Added,Franchise,Image URL,Owned,Source,Profit/Loss (USD),Profit/Loss (%)
1,Pokemon,Astral Radiance Trainer Gallery,Bronzong ,TG11/TG30,Ultra Rare,Holofoil,Ungraded,Near Mint,0.0,1,2.11,False,2025-05-12,Unknown,,Yes,Collectr,2.11,0.0
1,Pokemon,Battle Partners,Iono's Kilowattrel (JP),104/100,Art Rare,Holofoil,Ungraded,Near Mint,0.0,1,5.5209,False,2025-05-12,Unknown,,Yes,Collectr,5.5209,0.0
1,Pokemon,Battle Partners,Lillie's Clefairy (JP),115/100,Super Rare,Holofoil,Ungraded,Near Mint,0.0,1,17.2268,False,2025-05-12,Unknown,,Yes,Collectr,17.2268,0.0
1,Pokemon,Obsidian Flames,Ortega  ,219/197,Ultra Rare,Holofoil,Ungraded,Near Mint,0.0,1,0.92,False,2025-05-12,Unknown,,Yes,Collectr,0.92,0.0
Album,Pokemon,Ancient Roar,Brute Bonnet (JP),077/066,Art Rare,Holofoil,Ungraded,Near Mint,0.0,1,6.1123,False,2025-04-28,Unknown,,Yes,Collectr,6.1123,0.0
Album,Pokemon,Ancient Roar,Morpeko (JP),076/066,Art Rare,Holofoil,Ungraded,Near Mint,0.0,2,6.2989,False,2025-04-28,Unknown,,Yes,Collectr,6.2989,0.0
Album,Pokemon,Ancient Roar,Wiglett (JP),024/066,Common,Normal,Ungraded,Near Mint,0.0,1,0.14,False,2025-05-16,Unknown,,Yes,Collectr,0.14,0.0
Album,Pokemon,Astral Radiance,Hisuian Lilligant V (Alternate Full Art) ,163/189,Ultra Rare,Holofoil,Ungraded,Near Mint,0.0,1,16.03,False,2025-04-28,Unknown,,Yes,Collectr,16.03,0.0
Album,Pokemon,Astral Radiance Trainer Gallery,Bronzong ,TG11/TG30,Ultra Rare,Holofoil,Ungraded,Near Mint,0.0,1,2.11,False,2025-05-16,Unknown,,Yes,Collectr,2.11,0.0
Album,Pokemon,Astral Radiance Trainer Gallery,Falinks ,TG07/TG30,Ultra Rare,Holofoil,Ungraded,Near Mint,0.0,1,1.62,False,2025-04-28,Unknown,,Yes,Collectr,1.62,0.0
Album,Pokemon,Astral Radiance Trainer Gallery,Flapple ,TG02/TG30,Ultra Rare,Holofoil,Ungraded,Near Mint,0.0,1,1.25,False,2025-04-28,Unknown,,Yes,Collectr,1.25,0.0
Album,Pokemon,Astral Radiance Trainer Gallery,Frosmoth ,TG04/TG30,Ultra Rare,Holofoil,Ungraded,Near Mint,0.0,2,1.53,False,2025-04-28,Unknown,,Yes,Collectr,1.53,0.0
Album,Pokemon,Astral Radiance Trainer Gallery,Galarian Zapdos V ,TG19/TG30,Ultra Rare,Holofoil,Ungraded,Near Mint,0.0,1,8.75,False,2025-05-16,Unknown,,Yes,Collectr,8.75,0.0
Album,Pokemon,Astral Radiance Trainer Gallery,Gardevoir ,TG05/TG30,Ultra Rare,Holofoil,Ungraded,Near Mint,0.0,1,3.05,False,2025-04-28,Unknown,,Yes,Collectr,3.05,0.0
Album,Pokemon,Astral Radiance Trainer Gallery,Piers ,TG28/TG30,Ultra Rare,Holofoil,Ungraded,Near Mint,0.0,1,2.97,False,2025-05-16,Unknown,,Yes,Collectr,2.97,0.0
Album,Pokemon,Battle Partners,Iono's Bellibolt (JP),125/100,Special Art Rare,Holofoil,Ungraded,Near Mint,0.0,1,76.1303,False,2025-04-28,Unknown,,Yes,Collectr,76.1303,0.0
Album,Pokemon,Battle Partners,Iono's Kilowattrel (JP),104/100,Art Rare,Holofoil,Ungraded,Near Mint,0.0,1,5.5209,False,2025-05-16,Unknown,,Yes,Collectr,5.5209,0.0
Album,Pokemon,Battle Partners,Lillie's Clefairy (JP),115/100,Super Rare,Holofoil,Ungraded,Near Mint,0.0,1,17.2268,False,2025-05-16,Unknown,,Yes,Collectr,17.2268,0.0
Album,Pokemon,Brilliant Stars,Aggron VMAX ,097/172,Ultra Rare,Holofoil,Ungraded,Near Mint,0.0,2,1.93,False,2025-05-16,Unknown,,Yes,Collectr,1.93,0.0
Album,Pokemon,Brilliant Stars,Charizard V ,017/172,Ultra Rare,Holofoil,Ungraded,Near Mint,0.0,1,3.13,False,2025-05-16,Unknown,,Yes,Collectr,3.13,0.0
Album,Pokemon,Brilliant Stars,Morpeko V ,095/172,Ultra Rare,Holofoil,Ungraded,Near Mint,0.0,1,0.68,False,2025-05-16,Unknown,,Yes,Collectr,0.68,0.0
Album,Pokemon,Brilliant Stars,Whimsicott VSTAR ,065/172,Ultra Rare,Holofoil,Ungraded,Near Mint,0.0,1,0.89,False,2025-05-16,Unknown,,Yes,Collectr,0.89,0.0
Album,Pokemon,Brilliant Stars Trainer Gallery,Ariados ,TG09/TG30,Ultra Rare,Holofoil,Ungraded,Near Mint,0.0,1,1.28,False,2025-05-16,Unknown,,Yes,Collectr,1.28,0.0
Album,Pokemon,Brilliant Stars Trainer Gallery,Boltund V ,TG13/TG30,Ultra Rare,Holofoil,Ungraded,Near Mint,0.0,2,7.62,False,2025-04-28,Unknown,,Yes,Collectr,7.62,0.0
Album,Pokemon,Brilliant Stars Trainer Gallery,Dusknoir ,TG06/TG30,Ultra Rare,Holofoil,Ungraded,Near Mint,0.0,1,1.84,False,2025-04-28,Unknown,,Yes,Collectr,1.84,0.0
Album,Pokemon,Brilliant Stars Trainer Gallery,Octillery ,TG03/TG30,Ultra Rare,Holofoil,Ungraded,Near Mint,0.0,1,1.85,False,2025-04-28,Unknown,,Yes,Collectr,1.85,0.0
Album,Pokemon,Brilliant Stars Trainer Gallery,Oranguru ,TG12/TG30,Ultra Rare,Holofoil,Ungraded,Near Mint,0.0,2,1.36,False,2025-04-28,Unknown,,Yes,Collectr,1.36,0.0
Album,Pokemon,Brilliant Stars Trainer Gallery,Rapid Strike Urshifu VMAX (Secret) ,TG30/TG30,Ultra Rare,Holofoil,Ungraded,Near Mint,0.0,1,4.18,False,2025-05-16,Unknown,,Yes,Collectr,4.18,0.0
Album,Pokemon,Brilliant Stars Trainer Gallery,Single Strike Urshifu V ,TG18/TG30,Ultra Rare,Holofoil,Ungraded,Near Mint,0.0,1,4.05,False,2025-05-16,Unknown,,Yes,Collectr,4.05,0.0
Album,Pokemon,Brilliant Stars Trainer Gallery,Single Strike Urshifu VMAX ,TG19/TG30,Ultra Rare,Holofoil,Ungraded,Near Mint,0.0,1,6.92,False,2025-05-16,Unknown,,Yes,Collectr,6.92,0.0
Album,Pokemon,Brilliant Stars Trainer Gallery,Zekrom ,TG05/TG30,Ultra Rare,Holofoil,Ungraded,Near Mint,0.0,1,9.92,False,2025-04-28,Unknown,,Yes,Collectr,9.92,0.0
Album,Pokemon,Celebrations,Surfing Pikachu V ,008/025,Ultra Rare,Holofoil,Ungraded,Near Mint,0.0,1,1.74,False,2025-05-16,Unknown,,Yes,Collectr,1.74,0.0
Album,Pokemon,Clay Burst,Tinkatuff (JP),077/071,Secret Rare,Holofoil,Ungraded,Near Mint,0.0,1,3.8173,False,2025-04-28,Unknown,,Yes,Collectr,3.8173,0.0
Album,Pokemon,Cosmic Eclipse,Reshiram & Zekrom GX ,157/236,Ultra Rare,Holofoil,Ungraded,Near Mint,0.0,1,69.08,False,2025-04-28,Unknown,,Yes,Collectr,69.08,0.0
Album,Pokemon,Cosmic Eclipse,Steelix (Secret) ,247/236,Secret Rare,Holofoil,Ungraded,Near Mint,0.0,1,15.83,False,2025-05-16,Unknown,,Yes,Collectr,15.83,0.0
Album,Pokemon,Crown Zenith: Galarian Gallery,Keldeo ,GG07/GG70,Holo Rare,Holofoil,Ungraded,Near Mint,0.0,1,4.84,False,2025-04-28,Unknown,,Yes,Collectr,4.84,0.0
Album,Pokemon,Crown Zenith: Galarian Gallery,Magmortar ,GG03/GG70,Holo Rare,Holofoil,Ungraded,Near Mint,0.0,1,5.24,False,2025-04-28,Unknown,,Yes,Collectr,5.24,0.0
Album,Pokemon,Crown Zenith: Galarian Gallery,Mew ,GG10/GG70,Holo Rare,Holofoil,Ungraded,Near Mint,0.0,1,17.58,False,2025-04-28,Unknown,,Yes,Collectr,17.58,0.0
Album,Pokemon,Crown Zenith: Galarian Gallery,Oricorio ,GG04/GG70,Holo Rare,Holofoil,Ungraded,Near Mint,0.0,1,1.19,False,2025-04-28,Unknown,,Yes,Collectr,1.19,0.0
Album,Pokemon,Cyber Judge,Drampa (JP),083/071,Art Rare,Holofoil,Ungraded,Near Mint,0.0,1,4.3664,False,2025-04-28,Unknown,,Yes,Collectr,4.3664,0.0
Album,Pokemon,Cyber Judge,Metagross (JP),080/071,Art Rare,Holofoil,Ungraded,Near Mint,0.0,1,7.0327,False,2025-04-28,Unknown,,Yes,Collectr,7.0327,0.0
Album,Pokemon,Dark Phantasma,Hisuian Arcanine (JP),075/071,Secret Rare,Holofoil,Ungraded,Near Mint,0.0,1,5.2036,False,2025-05-16,Unknown,,Yes,Collectr,5.2036,0.0
Album,Pokemon,Deck Exclusives,Lucario V (Non-Holo) ,27/73,Promo,Normal,Ungraded,Near Mint,0.0,1,4.05,False,2025-05-16,Unknown,,Yes,Collectr,4.05,0.0
Album,Pokemon,Eevee Heroes,Pikachu (JP),026/069,Common,Normal,Ungraded,Near Mint,0.0,1,2.16,False,2025-05-16,Unknown,,Yes,Collectr,2.16,0.0
Album,Pokemon,Evolving Skies,Dracozolt VMAX ,059/203,Ultra Rare,Holofoil,Ungraded,Near Mint,0.0,1,1.88,False,2025-05-16,Unknown,,Yes,Collectr,1.88,0.0
Album,Pokemon,Evolving Skies,Pikachu ,049/203,Common,Normal,Ungraded,Near Mint,0.0,1,0.14,False,2025-05-16,Unknown,,Yes,Collectr,0.14,0.0
Album,Pokemon,Fossil,Psyduck ,53,Common,Unlimited,Ungraded,Near Mint,0.0,1,0.48,False,2025-05-16,Unknown,,Yes,Collectr,0.48,0.0
Album,Pokemon,Fusion Strike,Croconaw ,056/264,Uncommon,Normal,Ungraded,Near Mint,0.0,1,0.12,False,2025-05-16,Unknown,,Yes,Collectr,0.12,0.0
Album,Pokemon,Fusion Strike,Genesect V (Alternate Full Art) ,255/264,Ultra Rare,Holofoil,Ungraded,Near Mint,0.0,1,28.01,False,2025-05-16,Unknown,,Yes,Collectr,28.01,0.0
Album,Pokemon,Fusion Strike,Jigglypuff ,110/264,Common,Normal,Ungraded,Near Mint,0.0,1,0.11,False,2025-05-16,Unknown,,Yes,Collectr,0.11,0.0
Album,Pokemon,Fusion Strike,Pyukumuku ,077/264,Uncommon,Normal,Ungraded,Near Mint,0.0,1,0.09,False,2025-05-16,Unknown,,Yes,Collectr,0.09,0.0
Album,Pokemon,Fusion Strike,Simisear ,038/264,Uncommon,Normal,Ungraded,Near Mint,0.0,1,0.08,False,2025-05-16,Unknown,,Yes,Collectr,0.08,0.0
Album,Pokemon,Fusion Strike,Voltorb ,087/264,Common,Normal,Ungraded,Near Mint,0.0,1,0.1,False,2025-05-16,Unknown,,Yes,Collectr,0.1,0.0
Album,Pokemon,Future Flash,Toedscool (JP),006/066,Common,Normal,Ungraded,Near Mint,0.0,1,2.0,False,2025-05-16,Unknown,,Yes,Collectr,2.0,0.0
Album,Pokemon,Gym Heroes,Erika's Maids ,109,Uncommon,Unlimited,Ungraded,Near Mint,0.0,1,1.48,False,2025-05-16,Unknown,,Yes,Collectr,1.48,0.0
Album,Pokemon,Gym Heroes,Sabrina's Gaze ,125,Common,Unlimited,Ungraded,Near Mint,0.0,1,0.53,False,2025-05-16,Unknown,,Yes,Collectr,0.53,0.0
Album,Pokemon,Incandescent Arcana,Braixen (JP),069/068,Secret Rare,Holofoil,Ungraded,Near Mint,0.0,1,7.1445,False,2025-04-28,Unknown,,Yes,Collectr,7.1445,0.0
Album,Pokemon,Incandescent Arcana,Gardevoir (JP),072/068,Secret Rare,Holofoil,Ungraded,Near Mint,0.0,1,4.6453,False,2025-04-28,Unknown,,Yes,Collectr,4.6453,0.0
Album,Pokemon,Incandescent Arcana,Magearna V (JP),079/068,Secret Rare,Holofoil,Ungraded,Near Mint,0.0,1,4.99,False,2025-04-28,Unknown,,Yes,Collectr,4.99,0.0
Album,Pokemon,Incandescent Arcana,Smeargle (JP),073/068,Secret Rare,Holofoil,Ungraded,Near Mint,0.0,1,2.5578,False,2025-04-28,Unknown,,Yes,Collectr,2.5578,0.0
Album,Pokemon,Journey Together,Hop's Wooloo ,170/159,Illustration Rare,Holofoil,Ungraded,Near Mint,0.0,2,4.24,False,2025-04-28,Unknown,,Yes,Collectr,4.24,0.0
Album,Pokemon,Journey Together,Iono's Kilowattrel ,163/159,Illustration Rare,Holofoil,Ungraded,Near Mint,0.0,1,6.7,False,2025-04-28,Unknown,,Yes,Collectr,6.7,0.0
Album,Pokemon,Journey Together,Maractus ,160/159,Illustration Rare,Holofoil,Ungraded,Near Mint,0.0,1,3.49,False,2025-04-28,Unknown,,Yes,Collectr,3.49,0.0
Album,Pokemon,Jungle,Jigglypuff ,54,Common,Unlimited,Ungraded,Near Mint,0.0,1,0.41,False,2025-05-16,Unknown,,Yes,Collectr,0.41,0.0
Album,Pokemon,Lost Abyss,Lady (JP),114/100,Secret Rare,Holofoil,Ungraded,Near Mint,0.0,1,35.0,False,2025-05-16,Unknown,,Yes,Collectr,35.0,0.0
Album,Pokemon,Lost Origin,Aerodactyl V ,092/196,Ultra Rare,Holofoil,Ungraded,Near Mint,0.0,1,0.63,False,2025-05-16,Unknown,,Yes,Collectr,0.63,0.0
Album,Pokemon,Lost Origin,Giratina VSTAR ,131/196,Ultra Rare,Holofoil,Ungraded,Near Mint,0.0,1,1.65,False,2025-05-16,Unknown,,Yes,Collectr,1.65,0.0
Album,Pokemon,Lost Origin,Pikachu ,052/196,Common,Normal,Ungraded,Near Mint,0.0,1,0.24,False,2025-05-16,Unknown,,Yes,Collectr,0.24,0.0
Album,Pokemon,Lost Origin,Radiant Gardevoir ,069/196,Radiant Rare,Holofoil,Ungraded,Near Mint,0.0,1,0.67,False,2025-04-28,Unknown,,Yes,Collectr,0.67,0.0
Album,Pokemon,Lost Origin,Volo (Full Art) ,196/196,Ultra Rare,Holofoil,Ungraded,Near Mint,0.0,1,2.1,False,2025-04-28,Unknown,,Yes,Collectr,2.1,0.0
Album,Pokemon,Lost Origin Trainer Gallery,Banette ,TG07/TG30,Ultra Rare,Holofoil,Ungraded,Near Mint,0.0,1,1.3,False,2025-05-16,Unknown,,Yes,Collectr,1.3,0.0
Album,Pokemon,Lost Origin Trainer Gallery,Castform ,TG11/TG30,Ultra Rare,Holofoil,Ungraded,Near Mint,0.0,1,1.15,False,2025-04-28,Unknown,,Yes,Collectr,1.15,0.0
Album,Pokemon,Lost Origin Trainer Gallery,Chandelure ,TG04/TG30,Ultra Rare,Holofoil,Ungraded,Near Mint,0.0,1,1.69,False,2025-04-28,Unknown,,Yes,Collectr,1.69,0.0
Album,Pokemon,Lost Origin Trainer Gallery,Enamorus V ,TG18/TG30,Ultra Rare,Holofoil,Ungraded,Near Mint,0.0,1,8.76,False,2025-05-16,Unknown,,Yes,Collectr,8.76,0.0
Album,Pokemon,Lost Origin Trainer Gallery,Parasect ,TG01/TG30,Ultra Rare,Holofoil,Ungraded,Near Mint,0.0,1,1.1,False,2025-05-16,Unknown,,Yes,Collectr,1.1,0.0
Album,Pokemon,Lost Origin Trainer Gallery,Roserade ,TG02/TG30,Ultra Rare,Holofoil,Ungraded,Near Mint,0.0,1,1.57,False,2025-04-28,Unknown,,Yes,Collectr,1.57,0.0
Album,Pokemon,Lost Origin Trainer Gallery,Spiritomb ,TG09/TG30,Ultra Rare,Holofoil,Ungraded,Near Mint,0.0,2,1.25,False,2025-05-16,Unknown,,Yes,Collectr,1.25,0.0
Album,Pokemon,McDonald's Promos 2022,Pikachu ,7/15,Promo,Holofoil,Ungraded,Near Mint,0.0,1,1.57,False,2025-05-16,Unknown,,Yes,Collectr,1.57,0.0
Album,Pokemon,McDonald's Promos 2024,Dragonite ,012/015,Promo,Holofoil,Ungraded,Near Mint,0.0,1,2.13,False,2025-05-16,Unknown,,Yes,Collectr,2.13,0.0
Album,Pokemon,McDonald's Promos 2024,Pikachu ,002/015,Promo,Holofoil,Ungraded,Near Mint,0.0,1,2.52,False,2025-05-16,Unknown,,Yes,Collectr,2.52,0.0
Album,Pokemon,Next Destinies,Jigglypuff ,78,Uncommon,Normal,Ungraded,Near Mint,0.0,1,0.56,False,2025-05-16,Unknown,,Yes,Collectr,0.56,0.0
Album,Pokemon,Obsidian Flames,Bellibolt  ,201/197,Illustration Rare,Holofoil,Ungraded,Near Mint,0.0,1,3.45,False,2025-04-28,Unknown,,Yes,Collectr,3.45,0.0
Album,Pokemon,Obsidian Flames,Geeta  ,218/197,Ultra Rare,Holofoil,Ungraded,Near Mint,0.0,1,1.18,False,2025-05-16,Unknown,,Yes,Collectr,1.18,0.0
Album,Pokemon,Obsidian Flames,Houndour  ,204/197,Illustration Rare,Holofoil,Ungraded,Near Mint,0.0,1,6.43,False,2025-05-16,Unknown,,Yes,Collectr,6.43,0.0
Album,Pokemon,Obsidian Flames,Ninetales ,199/197,Illustration Rare,Holofoil,Ungraded,Near Mint,0.0,1,18.23,False,2025-05-16,Unknown,,Yes,Collectr,18.23,0.0
Album,Pokemon,Obsidian Flames,Ortega  ,219/197,Ultra Rare,Holofoil,Ungraded,Near Mint,0.0,1,0.92,False,2025-05-16,Unknown,,Yes,Collectr,0.92,0.0
Album,Pokemon,Obsidian Flames,Tyranitar ex ,066/197,Double Rare,Holofoil,Ungraded,Near Mint,0.0,1,0.7,False,2025-05-16,Unknown,,Yes,Collectr,0.7,0.0
Album,Pokemon,Paldea Evolved,Boss's Orders - 248/193 ,248/193,Ultra Rare,Holofoil,Ungraded,Near Mint,0.0,1,8.89,False,2025-05-16,Unknown,,Yes,Collectr,8.89,0.0
Album,Pokemon,Paldea Evolved,Sandygast - 214/193 ,214/193,Illustration Rare,Holofoil,Ungraded,Near Mint,0.0,1,7.09,False,2025-05-16,Unknown,,Yes,Collectr,7.09,0.0
Album,Pokemon,Paldean Fates,Jigglypuff ,198/091,Shiny Rare,Holofoil,Ungraded,Near Mint,0.0,1,5.82,False,2025-05-16,Unknown,,Yes,Collectr,5.82,0.0
Album,Pokemon,Paldean Fates,Nemona  ,229/091,Ultra Rare,Holofoil,Ungraded,Near Mint,0.0,1,0.78,False,2025-05-16,Unknown,,Yes,Collectr,0.78,0.0
Album,Pokemon,Paldean Fates,Paldean Student  ,230/091,Ultra Rare,Holofoil,Ungraded,Near Mint,0.0,1,0.61,False,2025-04-28,Unknown,,Yes,Collectr,0.61,0.0
Album,Pokemon,Paldean Fates,Pikachu  ,018/091,Common,Normal,Ungraded,Near Mint,0.0,1,0.07,False,2025-05-16,Unknown,,Yes,Collectr,0.07,0.0
Album,Pokemon,Paradise Dragona,Braviary (JP),076/064,Art Rare,Holofoil,Ungraded,Near Mint,0.0,1,2.6369,False,2025-04-28,Unknown,,Yes,Collectr,2.6369,0.0
Album,Pokemon,Paradox Rift,Crustle - 183/182 ,183/182,Illustration Rare,Holofoil,Ungraded,Near Mint,0.0,1,3.92,False,2025-04-28,Unknown,,Yes,Collectr,3.92,0.0
Album,Pokemon,Paradox Rift,Iron Jugulis - 216/182 ,216/182,Illustration Rare,Holofoil,Ungraded,Near Mint,0.0,1,6.81,False,2025-04-28,Unknown,,Yes,Collectr,6.81,0.0
Album,Pokemon,Paradox Rift,Mantyke - 189/182 ,189/182,Illustration Rare,Holofoil,Ungraded,Near Mint,0.0,1,13.32,False,2025-04-28,Unknown,,Yes,Collectr,13.32,0.0
Album,Pokemon,Paradox Rift,Minior - 201/182 ,201/182,Illustration Rare,Holofoil,Ungraded,Near Mint,0.0,1,14.09,False,2025-04-28,Unknown,,Yes,Collectr,14.09,0.0
Album,Pokemon,Paradox Rift,Shauntal - 243/182 ,243/182,Ultra Rare,Holofoil,Ungraded,Near Mint,0.0,1,2.04,False,2025-05-16,Unknown,,Yes,Collectr,2.04,0.0
Album,Pokemon,Paradox Rift,Vanillish - 190/182 ,190/182,Illustration Rare,Holofoil,Ungraded,Near Mint,0.0,1,12.45,False,2025-04-28,Unknown,,Yes,Collectr,12.45,0.0
Album,Pokemon,Pokemon 151,Bill's Transfer (JP),199/165,Secret Rare,Holofoil,Ungraded,Near Mint,0.0,1,3.392,False,2025-04-28,Unknown,,Yes,Collectr,3.392,0.0
Album,Pokemon,Pokemon 151,Caterpie (JP),172/165,Art Rare,Holofoil,Ungraded,Near Mint,0.0,1,3.861,False,2025-04-28,Unknown,,Yes,Collectr,3.861,0.0
Album,Pokemon,Pokemon 151,Dragonair (JP),182/165,Art Rare,Holofoil,Ungraded,Near Mint,0.0,1,6.8959,False,2025-04-28,Unknown,,Yes,Collectr,6.8959,0.0
Album,Pokemon,Pokemon 151,Gengar (JP),094/165,Rare,Holofoil,Ungraded,Near Mint,0.0,1,4.19,False,2025-05-16,Unknown,,Yes,Collectr,4.19,0.0
Album,Pokemon,Pokemon 151,Ivysaur (JP),167/165,Art Rare,Holofoil,Ungraded,Near Mint,0.0,1,8.1728,False,2025-04-28,Unknown,,Yes,Collectr,8.1728,0.0
Album,Pokemon,Pokemon 151,Machoke (JP),177/165,Art Rare,Holofoil,Ungraded,Near Mint,0.0,1,3.5218,False,2025-05-16,Unknown,,Yes,Collectr,3.5218,0.0
Album,Pokemon,Pokemon 151,Nidoking (JP),174/165,Art Rare,Holofoil,Ungraded,Near Mint,0.0,1,4.5612,False,2025-04-28,Unknown,,Yes,Collectr,4.5612,0.0
Album,Pokemon,Pokemon 151,Snorlax (JP),181/165,Art Rare,Holofoil,Ungraded,Near Mint,0.0,1,6.7176,False,2025-04-28,Unknown,,Yes,Collectr,6.7176,0.0
Album,Pokemon,Pokemon Go,Blastoise ,017/078,Rare,Holofoil,Ungraded,Near Mint,0.0,1,0.73,False,2025-05-16,Unknown,,Yes,Collectr,0.73,0.0
Album,Pokemon,Pokemon Go,Pikachu ,028/078,Rare,Holofoil,Ungraded,Near Mint,0.0,1,0.39,False,2025-05-16,Unknown,,Yes,Collectr,0.39,0.0
Album,Pokemon,Pokemon Go,Pikachu (27) ,027/078,Common,Normal,Ungraded,Near Mint,0.0,1,0.12,False,2025-05-16,Unknown,,Yes,Collectr,0.12,0.0
Album,Pokemon,Pokemon Go,Venusaur ,003/078,Rare,Holofoil,Ungraded,Near Mint,0.0,1,0.74,False,2025-05-16,Unknown,,Yes,Collectr,0.74,0.0
Album,Pokemon,Prismatic Evolutions,Amarys ,132/131,Ultra Rare,Holofoil,Ungraded,Near Mint,0.0,1,0.68,False,2025-05-16,Unknown,,Yes,Collectr,0.68,0.0
Album,Pokemon,Prismatic Evolutions,Mela ,140/131,Ultra Rare,Holofoil,Ungraded,Near Mint,0.0,1,1.32,False,2025-05-16,Unknown,,Yes,Collectr,1.32,0.0
Album,Pokemon,Prismatic Evolutions,Raifort ,142/131,Ultra Rare,Holofoil,Ungraded,Near Mint,0.0,1,0.87,False,2025-05-16,Unknown,,Yes,Collectr,0.87,0.0
Album,Pokemon,Prismatic Evolutions,Tyme ,143/131,Ultra Rare,Holofoil,Ungraded,Near Mint,0.0,1,0.56,False,2025-05-16,Unknown,,Yes,Collectr,0.56,0.0
Album,Pokemon,Ruler of the Black Flame,Cleffa (JP),113/108,Art Rare,Holofoil,Ungraded,Near Mint,0.0,1,7.9215,False,2025-04-28,Unknown,,Yes,Collectr,7.9215,0.0
Album,Pokemon,Ruler of the Black Flame,Gloom (JP),109/108,Art Rare,Holofoil,Ungraded,Near Mint,0.0,1,4.5057,False,2025-04-28,Unknown,,Yes,Collectr,4.5057,0.0
Album,Pokemon,Ruler of the Black Flame,Houndour (JP),115/108,Art Rare,Holofoil,Ungraded,Near Mint,0.0,1,4.3537,False,2025-04-28,Unknown,,Yes,Collectr,4.3537,0.0
Album,Pokemon,Ruler of the Black Flame,Pidgey (JP),118/108,Art Rare,Holofoil,Ungraded,Near Mint,0.0,1,5.7728,False,2025-04-28,Unknown,,Yes,Collectr,5.7728,0.0
Album,Pokemon,Ruler of the Black Flame,Scizor (JP),116/108,Art Rare,Holofoil,Ungraded,Near Mint,0.0,1,5.2673,False,2025-04-28,Unknown,,Yes,Collectr,5.2673,0.0
Album,Pokemon,Scarlet ex,Riolu (JP),086/078,Secret Rare,Holofoil,Ungraded,Near Mint,0.0,1,8.4309,False,2025-04-28,Unknown,,Yes,Collectr,8.4309,0.0
Album,Pokemon,Scarlet & Violet Base Set,Bombirdier  ,219/198,Illustration Rare,Holofoil,Ungraded,Near Mint,0.0,1,3.13,False,2025-04-28,Unknown,,Yes,Collectr,3.13,0.0
Album,Pokemon,Scarlet & Violet Base Set,Dondozo ,207/198,Illustration Rare,Holofoil,Ungraded,Near Mint,0.0,1,7.51,False,2025-04-28,Unknown,,Yes,Collectr,7.51,0.0
Album,Pokemon,Scarlet & Violet Base Set,Mabosstiff  ,218/198,Illustration Rare,Holofoil,Ungraded,Near Mint,0.0,2,4.9,False,2025-04-28,Unknown,,Yes,Collectr,4.9,0.0
Album,Pokemon,Scarlet & Violet Base Set,Professor's Research (Professor Sada) ,240/198,Ultra Rare,Holofoil,Ungraded,Near Mint,0.0,1,5.51,False,2025-05-16,Unknown,,Yes,Collectr,5.51,0.0
Album,Pokemon,Scarlet & Violet Base Set,Sandile  ,216/198,Secret Rare,Holofoil,Ungraded,Near Mint,0.0,1,4.11,False,2025-04-28,Unknown,,Yes,Collectr,4.11,0.0
Album,Pokemon,Scarlet & Violet Base Set,Scovillain  ,202/198,Illustration Rare,Holofoil,Ungraded,Near Mint,0.0,1,3.97,False,2025-04-28,Unknown,,Yes,Collectr,3.97,0.0
Album,Pokemon,Scarlet & Violet Base Set,Skwovet  ,222/198,Illustration Rare,Holofoil,Ungraded,Near Mint,0.0,1,3.44,False,2025-04-28,Unknown,,Yes,Collectr,3.44,0.0
Album,Pokemon,Scarlet & Violet Base Set,Starly  ,221/198,Illustration Rare,Holofoil,Ungraded,Near Mint,0.0,1,5.59,False,2025-04-28,Unknown,,Yes,Collectr,5.59,0.0
Album,Pokemon,Scarlet & Violet Promo,Charizard ex - 161 ,161,Promo,Holofoil,Ungraded,Near Mint,0.0,1,2.84,False,2025-05-16,Unknown,,Yes,Collectr,2.84,0.0
Album,Pokemon,Scarlet & Violet Promo,Flareon - 167 ,167,Promo,Holofoil,Ungraded,Near Mint,0.0,1,0.46,False,2025-05-16,Unknown,,Yes,Collectr,0.46,0.0
Album,Pokemon,Scarlet & Violet Promo,Jolteon - 169 ,169,Promo,Holofoil,Ungraded,Near Mint,0.0,1,0.44,False,2025-05-16,Unknown,,Yes,Collectr,0.44,0.0
Album,Pokemon,Scarlet & Violet Promo,Mimikyu - 075 ,075,Promo,Holofoil,Ungraded,Near Mint,0.0,1,4.01,False,2025-04-28,Unknown,,Yes,Collectr,4.01,0.0
Album,Pokemon,Scarlet & Violet Promo,Vaporeon - 168 ,168,Promo,Holofoil,Ungraded,Near Mint,0.0,1,0.42,False,2025-05-16,Unknown,,Yes,Collectr,0.42,0.0
Album,Pokemon,Scarlet & Violet Promo JP,Glaceon (Yu Nagaba) ,069/SV-P,Promo,Reverse Holofoil,Ungraded,Near Mint,0.0,1,42.98,False,2025-05-16,Unknown,,Yes,Collectr,42.98,0.0
Album,Pokemon,Scarlet & Violet Promo JP,Pikachu (JP),120/SV-P,Common,Normal,Ungraded,Near Mint,0.0,1,4.99,False,2025-05-16,Unknown,,Yes,Collectr,4.99,0.0
Album,Pokemon,Shrouded Fable,Cufant - 076/064 ,076/064,Illustration Rare,Holofoil,Ungraded,Near Mint,0.0,1,9.71,False,2025-04-28,Unknown,,Yes,Collectr,9.71,0.0
Album,Pokemon,Shrouded Fable,Fraxure - 077/064 ,077/064,Illustration Rare,Holofoil,Ungraded,Near Mint,0.0,1,9.76,False,2025-04-28,Unknown,,Yes,Collectr,9.76,0.0
Album,Pokemon,Silver Tempest,Radiant Alakazam ,059/195,Radiant Rare,Holofoil,Ungraded,Near Mint,0.0,1,0.7,False,2025-04-28,Unknown,,Yes,Collectr,0.7,0.0
Album,Pokemon,Silver Tempest Trainer Gallery,Altaria ,TG11/TG30,Ultra Rare,Holofoil,Ungraded,Near Mint,0.0,2,3.34,False,2025-05-16,Unknown,,Yes,Collectr,3.34,0.0
Album,Pokemon,Silver Tempest Trainer Gallery,Blaziken V ,TG14/TG30,Ultra Rare,Holofoil,Ungraded,Near Mint,0.0,1,19.68,False,2025-04-28,Unknown,,Yes,Collectr,19.68,0.0
Album,Pokemon,Silver Tempest Trainer Gallery,Braixen ,TG01/TG30,Ultra Rare,Holofoil,Ungraded,Near Mint,0.0,2,2.33,False,2025-04-28,Unknown,,Yes,Collectr,2.33,0.0
Album,Pokemon,Silver Tempest Trainer Gallery,Druddigon ,TG09/TG30,Ultra Rare,Holofoil,Ungraded,Near Mint,0.0,1,2.07,False,2025-04-28,Unknown,,Yes,Collectr,2.07,0.0
Album,Pokemon,Silver Tempest Trainer Gallery,Rockruff ,TG07/TG30,Ultra Rare,Holofoil,Ungraded,Near Mint,0.0,1,2.1,False,2025-05-16,Unknown,,Yes,Collectr,2.1,0.0
Album,Pokemon,Silver Tempest Trainer Gallery,Serperior V ,TG13/TG30,Ultra Rare,Holofoil,Ungraded,Near Mint,0.0,1,16.99,False,2025-04-28,Unknown,,Yes,Collectr,16.99,0.0
Album,Pokemon,Silver Tempest Trainer Gallery,Zeraora V ,TG16/TG30,Ultra Rare,Holofoil,Ungraded,Near Mint,0.0,1,8.67,False,2025-04-28,Unknown,,Yes,Collectr,8.67,0.0
Album,Pokemon,Snow Hazard,Arctibax (JP),076/071,Secret Rare,Holofoil,Ungraded,Near Mint,0.0,1,4.434,False,2025-04-28,Unknown,,Yes,Collectr,4.434,0.0
Album,Pokemon,Snow Hazard,Sudowoodo (JP),080/071,Art Rare,Holofoil,Ungraded,Near Mint,0.0,1,5.4019,False,2025-04-28,Unknown,,Yes,Collectr,5.4019,0.0
Album,Pokemon,Stellar Crown,Archaludon ,155/142,Illustration Rare,Holofoil,Ungraded,Near Mint,0.0,1,2.8,False,2025-05-16,Unknown,,Yes,Collectr,2.8,0.0
Album,Pokemon,Stellar Crown,Gulpin ,154/142,Illustration Rare,Holofoil,Ungraded,Near Mint,0.0,1,6.16,False,2025-04-28,Unknown,,Yes,Collectr,6.16,0.0
Album,Pokemon,Stellar Crown,Lileep ,145/142,Illustration Rare,Holofoil,Ungraded,Near Mint,0.0,1,4.24,False,2025-04-28,Unknown,,Yes,Collectr,4.24,0.0
Album,Pokemon,Stellar Crown,Zeraora ,151/142,Illustration Rare,Holofoil,Ungraded,Near Mint,0.0,1,8.65,False,2025-04-28,Unknown,,Yes,Collectr,8.65,0.0
Album,Pokemon,Sun & Moon Promo,Charizard GX  ,SM211,Promo,Holofoil,Ungraded,Near Mint,0.0,1,5.85,False,2025-05-16,Unknown,,Yes,Collectr,5.85,0.0
Album,Pokemon,Super Electric Breaker,Spheal (JP),111/106,Art Rare,Holofoil,Ungraded,Near Mint,0.0,1,3.7192,False,2025-04-28,Unknown,,Yes,Collectr,3.7192,0.0
Album,Pokemon,Surging Sparks,Braviary ,214/191,Illustration Rare,Holofoil,Ungraded,Near Mint,0.0,1,5.37,False,2025-05-16,Unknown,,Yes,Collectr,5.37,0.0
Album,Pokemon,Surging Sparks,Clobbopus ,207/191,Illustration Rare,Holofoil,Ungraded,Near Mint,0.0,1,4.68,False,2025-05-16,Unknown,,Yes,Collectr,4.68,0.0
Album,Pokemon,Surging Sparks,Cyclizar ex ,159/191,Double Rare,Holofoil,Ungraded,Near Mint,0.0,1,0.58,False,2025-05-16,Unknown,,Yes,Collectr,0.58,0.0
Album,Pokemon,Surging Sparks,Drasna ,231/191,Ultra Rare,Holofoil,Ungraded,Near Mint,0.0,1,1.29,False,2025-05-16,Unknown,,Yes,Collectr,1.29,0.0
Album,Pokemon,Surging Sparks,Shiinotic ,194/191,Illustration Rare,Holofoil,Ungraded,Near Mint,0.0,1,2.43,False,2025-04-28,Unknown,,Yes,Collectr,2.43,0.0
Album,Pokemon,Surging Sparks,Slakoth ,212/191,Illustration Rare,Holofoil,Ungraded,Near Mint,0.0,1,8.39,False,2025-05-16,Unknown,,Yes,Collectr,8.39,0.0
Album,Pokemon,SV: 151,Charmeleon ,005/165,Uncommon,Normal,Ungraded,Near Mint,0.0,1,0.11,False,2025-05-16,Unknown,,Yes,Collectr,0.11,0.0
Album,Pokemon,SV: 151,Gengar ,094/165,Rare,Holofoil,Ungraded,Near Mint,0.0,2,0.26,False,2025-05-16,Unknown,,Yes,Collectr,0.26,0.0
Album,Pokemon,SV: 151,Pikachu ,025/165,Common,Normal,Ungraded,Near Mint,0.0,1,0.1,False,2025-05-16,Unknown,,Yes,Collectr,0.1,0.0
Album,Pokemon,Sword & Shield Promo,Arceus V - SWSH204 ,SWSH204,Promo,Holofoil,Ungraded,Near Mint,0.0,1,14.19,False,2025-05-16,Unknown,,Yes,Collectr,14.19,0.0
Album,Pokemon,Sword & Shield Promo,Pikachu - SWSH234 ,SWSH234,Promo,Holofoil,Ungraded,Near Mint,0.0,1,0.88,False,2025-05-16,Unknown,,Yes,Collectr,0.88,0.0
Album,Pokemon,Sword & Shield Promo,Pikachu V - SWSH061 ,SWSH061,Promo,Holofoil,Ungraded,Near Mint,0.0,1,0.72,False,2025-05-16,Unknown,,Yes,Collectr,0.72,0.0
Album,Pokemon,Sword & Shield Promo,Professor's Research - SWSH152 ,SWSH152,Promo,Holofoil,Ungraded,Near Mint,0.0,2,4.14,False,2025-05-16,Unknown,,Yes,Collectr,4.14,0.0
Album,Pokemon,Temporal Forces,Cutiefly  ,172/162,Illustration Rare,Holofoil,Ungraded,Near Mint,0.0,1,5.22,False,2025-04-28,Unknown,,Yes,Collectr,5.22,0.0
Album,Pokemon,Temporal Forces,Eri  ,199/162,Ultra Rare,Holofoil,Ungraded,Near Mint,0.0,1,2.41,False,2025-05-16,Unknown,,Yes,Collectr,2.41,0.0
Album,Pokemon,Temporal Forces,Grotle  ,164/162,Illustration Rare,Holofoil,Ungraded,Near Mint,0.0,1,9.65,False,2025-04-28,Unknown,,Yes,Collectr,9.65,0.0
Album,Pokemon,Temporal Forces,Mudsdale  ,175/162,Illustration Rare,Holofoil,Ungraded,Near Mint,0.0,1,5.43,False,2025-04-28,Unknown,,Yes,Collectr,5.43,0.0
Album,Pokemon,Temporal Forces,Pikachu ,051/162,Common,Normal,Ungraded,Near Mint,0.0,1,0.17,False,2025-05-16,Unknown,,Yes,Collectr,0.17,0.0
Album,Pokemon,Temporal Forces,Sawsbuck  ,166/162,Illustration Rare,Holofoil,Ungraded,Near Mint,0.0,1,22.52,False,2025-05-16,Unknown,,Yes,Collectr,22.52,0.0
Album,Pokemon,Temporal Forces,Snom  ,168/162,Illustration Rare,Holofoil,Ungraded,Near Mint,0.0,1,7.33,False,2025-04-28,Unknown,,Yes,Collectr,7.33,0.0
Album,Pokemon,Terastal Festival ex,Finizen (JP),044/187,Common,Normal,Ungraded,Near Mint,0.0,1,4.25,False,2025-05-16,Unknown,,Yes,Collectr,4.25,0.0
Album,Pokemon,Terastal Festival ex,Flareon (JP),021/187,Rare,Holofoil,Ungraded,Near Mint,0.0,1,1.73,False,2025-05-16,Unknown,,Yes,Collectr,1.73,0.0
Album,Pokemon,Terastal Festival ex,Gholdengo ex (JP),220/187,Special Art Rare,Holofoil,Ungraded,Near Mint,0.0,1,11.2245,False,2025-04-28,Unknown,,Yes,Collectr,11.2245,0.0
Album,Pokemon,Terastal Festival ex,Honedge (JP),109/187,Common,Normal,Ungraded,Near Mint,0.0,1,0.39,False,2025-05-16,Unknown,,Yes,Collectr,0.39,0.0
Album,Pokemon,Terastal Festival ex,Iron Hands ex (JP),210/187,Special Art Rare,Holofoil,Ungraded,Near Mint,0.0,1,5.5874,False,2025-04-28,Unknown,,Yes,Collectr,5.5874,0.0
Album,Pokemon,Terastal Festival ex,Iron Thorns (JP),055/187,Rare,Holofoil,Ungraded,Near Mint,0.0,1,0.2,False,2025-05-16,Unknown,,Yes,Collectr,0.2,0.0
Album,Pokemon,Terastal Festival ex,Iron Valiant ex (JP),213/187,Special Art Rare,Holofoil,Ungraded,Near Mint,0.0,1,7.7866,False,2025-04-28,Unknown,,Yes,Collectr,7.7866,0.0
Album,Pokemon,Terastal Festival ex,Janine's Secret Technique (JP),228/187,Special Art Rare,Holofoil,Ungraded,Near Mint,0.0,1,12.0,False,2025-04-28,Unknown,,Yes,Collectr,12.0,0.0
Album,Pokemon,Terastal Festival ex,Jolteon (JP),051/187,Rare,Holofoil,Ungraded,Near Mint,0.0,1,1.3767,False,2025-05-16,Unknown,,Yes,Collectr,1.3767,0.0
Album,Pokemon,Terastal Festival ex,Lacey (JP),231/187,Special Art Rare,Holofoil,Ungraded,Near Mint,0.0,1,10.9017,False,2025-04-28,Unknown,,Yes,Collectr,10.9017,0.0
Album,Pokemon,Terastal Festival ex,Terapagos ex (JP),226/187,Special Art Rare,Holofoil,Ungraded,Near Mint,0.0,2,7.7911,False,2025-04-28,Unknown,,Yes,Collectr,7.7911,0.0
Album,Pokemon,Terastal Festival ex,Vaporeon (JP),030/187,Rare,Holofoil,Ungraded,Near Mint,0.0,1,1.73,False,2025-05-16,Unknown,,Yes,Collectr,1.73,0.0
Album,Pokemon,Triplet Beat,Fuecoco (JP),078/073,Secret Rare,Holofoil,Ungraded,Near Mint,0.0,1,8.1215,False,2025-04-28,Unknown,,Yes,Collectr,8.1215,0.0
Album,Pokemon,Twilight Masquerade,Applin ,185/167,Illustration Rare,Holofoil,Ungraded,Near Mint,0.0,2,5.09,False,2025-04-28,Unknown,,Yes,Collectr,5.09,0.0
Album,Pokemon,Twilight Masquerade,Dipplin ,170/167,Illustration Rare,Holofoil,Ungraded,Near Mint,0.0,1,6.15,False,2025-05-16,Unknown,,Yes,Collectr,6.15,0.0
Album,Pokemon,Twilight Masquerade,Enamorus ,180/167,Illustration Rare,Holofoil,Ungraded,Near Mint,0.0,2,4.78,False,2025-04-28,Unknown,,Yes,Collectr,4.78,0.0
Album,Pokemon,Twilight Masquerade,Hearthflame Mask Ogerpon ex ,212/167,Special Illustration Rare,Holofoil,Ungraded,Near Mint,0.0,1,10.88,False,2025-04-28,Unknown,,Yes,Collectr,10.88,0.0
Album,Pokemon,Twilight Masquerade,Probopass ,182/167,Illustration Rare,Holofoil,Ungraded,Near Mint,0.0,2,2.7,False,2025-04-28,Unknown,,Yes,Collectr,2.7,0.0
Album,Pokemon,Twilight Masquerade,Sunflora ,169/167,Illustration Rare,Holofoil,Ungraded,Near Mint,0.0,1,5.39,False,2025-04-28,Unknown,,Yes,Collectr,5.39,0.0
Album,Pokemon,Twilight Masquerade,Tatsugiri ,186/167,Illustration Rare,Holofoil,Ungraded,Near Mint,0.0,2,16.66,False,2025-04-28,Unknown,,Yes,Collectr,16.66,0.0
Album,Pokemon,Twilight Masquerade,Teal Mask Ogerpon ex ,211/167,Special Illustration Rare,Holofoil,Ungraded,Near Mint,0.0,1,22.98,False,2025-04-28,Unknown,,Yes,Collectr,22.98,0.0
Album,Pokemon,Twilight Masquerade,Timburr ,183/167,Illustration Rare,Holofoil,Ungraded,Near Mint,0.0,1,3.8,False,2025-05-16,Unknown,,Yes,Collectr,3.8,0.0
Album,Pokemon,Twilight Masquerade,Torkoal ,172/167,Illustration Rare,Holofoil,Ungraded,Near Mint,0.0,2,4.36,False,2025-04-28,Unknown,,Yes,Collectr,4.36,0.0
Album,Pokemon,Vivid Voltage,Pikachu VMAX ,044/185,Ultra Rare,Holofoil,Ungraded,Near Mint,0.0,1,6.31,False,2025-05-16,Unknown,,Yes,Collectr,6.31,0.0
Album,Pokemon,VMAX Climax,Charizard (JP),017/184,Common,Holofoil,Ungraded,Near Mint,0.0,1,4.5281,False,2025-05-16,Unknown,,Yes,Collectr,4.5281,0.0
Album,Pokemon,VMAX Climax,Dedenne (JP),200/184,Secret Rare,Holofoil,Ungraded,Near Mint,0.0,1,6.439,False,2025-05-16,Unknown,,Yes,Collectr,6.439,0.0
Album,Pokemon,VMAX Climax,Duraludon VMAX (JP),123/184,Ultra Rare,Holofoil,Ungraded,Near Mint,0.0,1,1.6486,False,2025-05-16,Unknown,,Yes,Collectr,1.6486,0.0
Album,Pokemon,VMAX Climax,Flaaffy (JP),194/184,Secret Rare,Holofoil,Ungraded,Near Mint,0.0,1,5.0201,False,2025-04-28,Unknown,,Yes,Collectr,5.0201,0.0
Album,Pokemon,VMAX Climax,Kingdra (JP),190/184,Secret Rare,Holofoil,Ungraded,Near Mint,0.0,1,6.3507,False,2025-04-28,Unknown,,Yes,Collectr,6.3507,0.0
Album,Pokemon,VMAX Climax,Single Strike Urshifu V (JP),238/184,Secret Rare,Holofoil,Ungraded,Near Mint,0.0,1,6.4344,False,2025-04-28,Unknown,,Yes,Collectr,6.4344,0.0
Album,Pokemon,VSTAR Universe,Altaria (JP),194/172,Secret Rare,Holofoil,Ungraded,Near Mint,0.0,2,3.4757,False,2025-04-28,Unknown,,Yes,Collectr,3.4757,0.0
Album,Pokemon,VSTAR Universe,Electivire (JP),180/172,Secret Rare,Holofoil,Ungraded,Near Mint,0.0,1,3.5892,False,2025-05-16,Unknown,,Yes,Collectr,3.5892,0.0
Album,Pokemon,VSTAR Universe,Gardenia's Vigor (JP),243/172,Secret Rare,Holofoil,Ungraded,Near Mint,0.0,1,12.8869,False,2025-05-16,Unknown,,Yes,Collectr,12.8869,0.0
Album,Pokemon,VSTAR Universe,Hisuian Samurott VSTAR (JP),230/172,Secret Rare,Holofoil,Ungraded,Near Mint,0.0,1,6.9309,False,2025-04-28,Unknown,,Yes,Collectr,6.9309,0.0
Album,Pokemon,VSTAR Universe,Magmortar (JP),175/172,Secret Rare,Holofoil,Ungraded,Near Mint,0.0,1,3.8848,False,2025-04-28,Unknown,,Yes,Collectr,3.8848,0.0
Album,Pokemon,VSTAR Universe,Magnezone (JP),193/172,Secret Rare,Holofoil,Ungraded,Near Mint,0.0,1,3.6382,False,2025-05-16,Unknown,,Yes,Collectr,3.6382,0.0
Album,Pokemon,VSTAR Universe,Radiant Gardevoir (JP),055/172,Radiant Rare,Holofoil,Ungraded,Near Mint,0.0,1,1.9955,False,2025-04-28,Unknown,,Yes,Collectr,1.9955,0.0
Album,Pokemon,VSTAR Universe,Zacian V (JP),225/172,Secret Rare,Holofoil,Ungraded,Near Mint,0.0,1,10.5728,False,2025-04-28,Unknown,,Yes,Collectr,10.5728,0.0
Album,Pokemon,VSTAR Universe,Zamazenta V (JP),232/172,Secret Rare,Holofoil,Ungraded,Near Mint,0.0,1,9.8542,False,2025-04-28,Unknown,,Yes,Collectr,9.8542,0.0
Album,Pokemon,Wild Force,Bronzor (JP),074/071,Art Rare,Holofoil,Ungraded,Near Mint,0.0,1,3.3042,False,2025-04-28,Unknown,,Yes,Collectr,3.3042,0.0
Album,Pokemon,Wild Force,Snom (JP),073/071,Art Rare,Holofoil,Ungraded,Near Mint,0.0,1,3.4096,False,2025-04-28,Unknown,,Yes,Collectr,3.4096,0.0
Beckett,One Piece,Awakening of the New Era,Rebecca (Alternate Art) ,OP05-091,SR,Foil,Ungraded,Near Mint,0.0,1,26.84,False,2025-05-15,Unknown,,Yes,Collectr,26.84,0.0
Beckett,One Piece,Awakening of the New Era,Rebecca (Alternate Art) (JP),OP05-091,SR,Foil,Ungraded,Near Mint,0.0,1,21.8,False,2025-05-15,Unknown,,Yes,Collectr,21.8,0.0
Beckett,One Piece,Emperors in the New World,Lim (Parallel) (JP),OP09-022,L,Foil,Ungraded,Near Mint,0.0,1,6.8,False,2025-05-15,Unknown,,Yes,Collectr,6.8,0.0
Beckett,One Piece,Emperors in the New World,Nami (Parallel) (JP),OP09-050,R,Foil,Ungraded,Near Mint,0.0,1,9.81,False,2025-05-15,Unknown,,Yes,Collectr,9.81,0.0
Beckett,One Piece,PRB01 - One Piece Card the Best,Charlotte Smoothie (Parallel) (JP),OP03-110,R,Foil,Ungraded,Near Mint,0.0,1,5.8,False,2025-05-15,Unknown,,Yes,Collectr,5.8,0.0
Beckett,One Piece,Romance Dawn,Yamato (JP),OP01-121,SCR,Foil,Ungraded,Near Mint,0.0,1,4.2,False,2025-05-15,Unknown,,Yes,Collectr,4.2,0.0
Beckett,One Piece,Wings of the Captain,Kouzuki Hiyori (Alternate Art) ,OP06-106,SR,Foil,Ungraded,Near Mint,0.0,1,16.13,False,2025-05-15,Unknown,,Yes,Collectr,16.13,0.0
For SaleTrade,Pokemon,Ancient Roar,Ancient Booster Energy Capsule (JP),061/066,Uncommon,Normal,Ungraded,Near Mint,0.0,1,0.25,False,2025-05-23,Unknown,,Yes,Collectr,0.25,0.0
For SaleTrade,Pokemon,Battle Region,Barboach (JP),021/067,Common,Normal,Ungraded,Near Mint,0.0,1,1.49,False,2025-05-23,Unknown,,Yes,Collectr,1.49,0.0
For SaleTrade,Pokemon,Battle Region,Hippowdon (JP),042/067,Uncommon,Normal,Ungraded,Near Mint,0.0,1,1.49,False,2025-05-23,Unknown,,Yes,Collectr,1.49,0.0
For SaleTrade,Pokemon,Battle Region,Hisuian Decidueye V (JP),044/067,Ultra Rare,Holofoil,Ungraded,Near Mint,0.0,1,1.4563,False,2025-05-23,Unknown,,Yes,Collectr,1.4563,0.0
For SaleTrade,Pokemon,Battle Region,Hisuian Decidueye VSTAR (JP),045/067,Ultra Rare,Holofoil,Ungraded,Near Mint,0.0,1,1.6823,False,2025-05-23,Unknown,,Yes,Collectr,1.6823,0.0
For SaleTrade,Pokemon,Battle Region,Hisuian Samurott V (JP),052/067,Ultra Rare,Holofoil,Ungraded,Near Mint,0.0,1,1.6843,False,2025-05-23,Unknown,,Yes,Collectr,1.6843,0.0
For SaleTrade,Pokemon,Battle Region,Hisuian Typhlosion V (JP),028/067,Ultra Rare,Holofoil,Ungraded,Near Mint,0.0,1,1.4346,False,2025-05-23,Unknown,,Yes,Collectr,1.4346,0.0
For SaleTrade,Pokemon,Battle Region,Hisuian Typhlosion VSTAR (JP),029/067,Ultra Rare,Holofoil,Ungraded,Near Mint,0.0,1,2.0444,False,2025-05-23,Unknown,,Yes,Collectr,2.0444,0.0
For SaleTrade,Pokemon,Battle Region,Jynx (JP),027/067,Common,Normal,Ungraded,Near Mint,0.0,1,1.49,False,2025-05-23,Unknown,,Yes,Collectr,1.49,0.0
For SaleTrade,Pokemon,Battle Region,Lampent (JP),013/067,Common,Normal,Ungraded,Near Mint,0.0,1,2.99,False,2025-05-23,Unknown,,Yes,Collectr,2.99,0.0
For SaleTrade,Pokemon,Battle Region,Mamoswine (JP),020/067,Uncommon,Normal,Ungraded,Near Mint,0.0,1,1.23,False,2025-05-23,Unknown,,Yes,Collectr,1.23,0.0
For SaleTrade,Pokemon,Battle Region,Noctowl (JP),056/067,Uncommon,Normal,Ungraded,Near Mint,0.0,1,2.99,False,2025-05-23,Unknown,,Yes,Collectr,2.99,0.0
For SaleTrade,Pokemon,Battle Region,Piloswine (JP),019/067,Common,Normal,Ungraded,Near Mint,0.0,1,1.23,False,2025-05-23,Unknown,,Yes,Collectr,1.23,0.0
For SaleTrade,Pokemon,Battle Region,Rhyhorn (JP),037/067,Common,Normal,Ungraded,Near Mint,0.0,1,1.99,False,2025-05-23,Unknown,,Yes,Collectr,1.99,0.0
For SaleTrade,Pokemon,Battle Region,Scyther (JP),004/067,Common,Normal,Ungraded,Near Mint,0.0,1,1.49,False,2025-05-23,Unknown,,Yes,Collectr,1.49,0.0
For SaleTrade,Pokemon,Battle Region,Sparkling Hawlucha (JP),043/067,Rare,Holofoil,Ungraded,Near Mint,0.0,1,2.29,False,2025-05-23,Unknown,,Yes,Collectr,2.29,0.0
For SaleTrade,Pokemon,Battle Region,Starmie V (JP),017/067,Ultra Rare,Holofoil,Ungraded,Near Mint,0.0,1,1.3624,False,2025-05-23,Unknown,,Yes,Collectr,1.3624,0.0
For SaleTrade,Pokemon,Battle Region,Vespiquen (JP),009/067,Uncommon,Normal,Ungraded,Near Mint,0.0,1,1.23,False,2025-05-23,Unknown,,Yes,Collectr,1.23,0.0
For SaleTrade,Pokemon,Battle Region,Virizion V (JP),010/067,Ultra Rare,Holofoil,Ungraded,Near Mint,0.0,1,1.4756,False,2025-05-23,Unknown,,Yes,Collectr,1.4756,0.0
For SaleTrade,Pokemon,Battle Region,Whiscash (JP),022/067,Uncommon,Normal,Ungraded,Near Mint,0.0,1,1.26,False,2025-05-23,Unknown,,Yes,Collectr,1.26,0.0
For SaleTrade,Pokemon,Brilliant Stars,Entei V ,022/172,Ultra Rare,Holofoil,Ungraded,Near Mint,0.0,1,1.06,False,2025-05-23,Unknown,,Yes,Collectr,1.06,0.0
For SaleTrade,Pokemon,Brilliant Stars,Mimikyu VMAX ,069/172,Ultra Rare,Holofoil,Ungraded,Near Mint,0.0,1,3.66,False,2025-05-23,Unknown,,Yes,Collectr,3.66,0.0
For SaleTrade,Pokemon,Brilliant Stars,Morpeko V ,095/172,Ultra Rare,Holofoil,Ungraded,Near Mint,0.0,1,0.68,False,2025-05-23,Unknown,,Yes,Collectr,0.68,0.0
For SaleTrade,Pokemon,Brilliant Stars Trainer Gallery,Octillery ,TG03/TG30,Ultra Rare,Holofoil,Ungraded,Near Mint,0.0,1,1.85,False,2025-05-23,Unknown,,Yes,Collectr,1.85,0.0
For SaleTrade,Pokemon,Celebrations,Cosmoem ,014/025,Holo Rare,Holofoil,Ungraded,Near Mint,0.0,1,0.2,False,2025-05-23,Unknown,,Yes,Collectr,0.2,0.0
For SaleTrade,Pokemon,Celebrations,Cosmog ,013/025,Holo Rare,Holofoil,Ungraded,Near Mint,0.0,1,0.16,False,2025-05-23,Unknown,,Yes,Collectr,0.16,0.0
For SaleTrade,Pokemon,Celebrations,Lunala ,015/025,Holo Rare,Holofoil,Ungraded,Near Mint,0.0,1,0.17,False,2025-05-23,Unknown,,Yes,Collectr,0.17,0.0
For SaleTrade,Pokemon,Celebrations,Solgaleo ,021/025,Holo Rare,Holofoil,Ungraded,Near Mint,0.0,1,0.24,False,2025-05-23,Unknown,,Yes,Collectr,0.24,0.0
For SaleTrade,Pokemon,Chilling Reign,Blaziken V ,020/198,Ultra Rare,Holofoil,Ungraded,Near Mint,0.0,1,1.05,False,2025-05-23,Unknown,,Yes,Collectr,1.05,0.0
For SaleTrade,Pokemon,Crown Zenith,Raihan ,140/159,Holo Rare,Reverse Holofoil,Ungraded,Near Mint,0.0,1,0.37,False,2025-05-23,Unknown,,Yes,Collectr,0.37,0.0
For SaleTrade,Pokemon,Crown Zenith,Rotom V ,045/159,Ultra Rare,Holofoil,Ungraded,Near Mint,0.0,1,0.54,False,2025-05-23,Unknown,,Yes,Collectr,0.54,0.0
For SaleTrade,Pokemon,Dark Phantasma,Radiant Gardevoir (JP),027/071,Radiant Rare,Holofoil,Ungraded,Near Mint,0.0,1,2.51,False,2025-05-23,Unknown,,Yes,Collectr,2.51,0.0
For SaleTrade,Pokemon,Evolving Skies,Aroma Lady ,141/203,Uncommon,Normal,Ungraded,Near Mint,0.0,1,0.08,False,2025-05-23,Unknown,,Yes,Collectr,0.08,0.0
For SaleTrade,Pokemon,Evolving Skies,Copycat ,143/203,Uncommon,Normal,Ungraded,Near Mint,0.0,1,0.07,False,2025-05-23,Unknown,,Yes,Collectr,0.07,0.0
For SaleTrade,Pokemon,Evolving Skies,Golurk V ,070/203,Ultra Rare,Holofoil,Ungraded,Near Mint,0.0,1,0.63,False,2025-05-23,Unknown,,Yes,Collectr,0.63,0.0
For SaleTrade,Pokemon,Evolving Skies,Noivern V ,117/203,Ultra Rare,Holofoil,Ungraded,Near Mint,0.0,1,0.65,False,2025-05-23,Unknown,,Yes,Collectr,0.65,0.0
For SaleTrade,Pokemon,Evolving Skies,Rayquaza V ,110/203,Ultra Rare,Holofoil,Ungraded,Near Mint,0.0,1,0.62,False,2025-05-23,Unknown,,Yes,Collectr,0.62,0.0
For SaleTrade,Pokemon,Evolving Skies,Rayquaza VMAX ,111/203,Ultra Rare,Holofoil,Ungraded,Near Mint,0.0,1,5.92,False,2025-05-23,Unknown,,Yes,Collectr,5.92,0.0
For SaleTrade,Pokemon,Evolving Skies,Zinnia's Resolve ,164/203,Uncommon,Normal,Ungraded,Near Mint,0.0,1,0.05,False,2025-05-23,Unknown,,Yes,Collectr,0.05,0.0
For SaleTrade,Pokemon,Fusion Strike,Chandelure VMAX (Secret) ,265/264,Secret Rare,Holofoil,Ungraded,Near Mint,0.0,1,7.49,False,2025-05-23,Unknown,,Yes,Collectr,7.49,0.0
For SaleTrade,Pokemon,Fusion Strike,Dancer ,232/264,Uncommon,Normal,Ungraded,Near Mint,0.0,1,0.04,False,2025-05-23,Unknown,,Yes,Collectr,0.04,0.0
For SaleTrade,Pokemon,Fusion Strike,Elesa's Sparkle ,233/264,Uncommon,Normal,Ungraded,Near Mint,0.0,1,0.05,False,2025-05-23,Unknown,,Yes,Collectr,0.05,0.0
For SaleTrade,Pokemon,Fusion Strike,Greedent VMAX (Secret) ,272/264,Secret Rare,Holofoil,Ungraded,Near Mint,0.0,1,6.48,False,2025-05-23,Unknown,,Yes,Collectr,6.48,0.0
For SaleTrade,Pokemon,Fusion Strike,Lucario V ,146/264,Ultra Rare,Holofoil,Ungraded,Near Mint,0.0,1,0.66,False,2025-05-23,Unknown,,Yes,Collectr,0.66,0.0
For SaleTrade,Pokemon,Fusion Strike,Schoolgirl ,239/264,Uncommon,Normal,Ungraded,Near Mint,0.0,1,0.06,False,2025-05-23,Unknown,,Yes,Collectr,0.06,0.0
For SaleTrade,Pokemon,Incandescent Arcana,Magearna V (JP),079/068,Secret Rare,Holofoil,Ungraded,Near Mint,0.0,1,4.99,False,2025-05-23,Unknown,,Yes,Collectr,4.99,0.0
For SaleTrade,Pokemon,Journey Together,Alcremie ex ,075/159,Double Rare,Holofoil,Ungraded,Near Mint,0.0,1,0.8,False,2025-05-23,Unknown,,Yes,Collectr,0.8,0.0
For SaleTrade,Pokemon,Journey Together,Blaziken ex ,024/159,Double Rare,Holofoil,Ungraded,Near Mint,0.0,1,3.03,False,2025-05-23,Unknown,,Yes,Collectr,3.03,0.0
For SaleTrade,Pokemon,Journey Together,Dudunsparce ex ,121/159,Double Rare,Holofoil,Ungraded,Near Mint,0.0,2,0.8,False,2025-05-23,Unknown,,Yes,Collectr,0.8,0.0
For SaleTrade,Pokemon,Journey Together,Hop's Zacian ex ,111/159,Double Rare,Holofoil,Ungraded,Near Mint,0.0,1,0.73,False,2025-05-23,Unknown,,Yes,Collectr,0.73,0.0
For SaleTrade,Pokemon,Journey Together,Iono's Bellibolt ex ,053/159,Double Rare,Holofoil,Ungraded,Near Mint,0.0,1,1.07,False,2025-05-23,Unknown,,Yes,Collectr,1.07,0.0
For SaleTrade,Pokemon,Journey Together,Iris's Fighting Spirit ,180/159,Ultra Rare,Holofoil,Ungraded,Near Mint,0.0,1,3.04,False,2025-05-23,Unknown,,Yes,Collectr,3.04,0.0
For SaleTrade,Pokemon,Journey Together,Paldean Clodsire ex ,094/159,Double Rare,Holofoil,Ungraded,Near Mint,0.0,1,0.62,False,2025-05-23,Unknown,,Yes,Collectr,0.62,0.0
For SaleTrade,Pokemon,Journey Together,Volcanion ex ,031/159,Double Rare,Holofoil,Ungraded,Near Mint,0.0,1,0.72,False,2025-05-23,Unknown,,Yes,Collectr,0.72,0.0
For SaleTrade,Pokemon,Lost Abyss,Kyurem VMAX (JP),030/100,Ultra Rare,Holofoil,Ungraded,Near Mint,0.0,1,1.9816,False,2025-05-23,Unknown,,Yes,Collectr,1.9816,0.0
For SaleTrade,Pokemon,Lost Origin,Radiant Gardevoir ,069/196,Radiant Rare,Holofoil,Ungraded,Near Mint,0.0,1,0.67,False,2025-05-23,Unknown,,Yes,Collectr,0.67,0.0
For SaleTrade,Pokemon,Lost Origin,Volo (Full Art) ,196/196,Ultra Rare,Holofoil,Ungraded,Near Mint,0.0,1,2.1,False,2025-05-23,Unknown,,Yes,Collectr,2.1,0.0
For SaleTrade,Pokemon,Lost Origin Trainer Gallery,Roserade ,TG02/TG30,Ultra Rare,Holofoil,Ungraded,Near Mint,0.0,1,1.57,False,2025-05-23,Unknown,,Yes,Collectr,1.57,0.0
For SaleTrade,Pokemon,McDonald's 25th Anniversary Promos,Grookey ,8/25,Promo,Normal,Ungraded,Near Mint,0.0,1,0.24,False,2025-05-23,Unknown,,Yes,Collectr,0.24,0.0
For SaleTrade,Pokemon,Obsidian Flames,Klawf ex ,120/197,Double Rare,Holofoil,Ungraded,Near Mint,0.0,1,0.58,False,2025-05-23,Unknown,,Yes,Collectr,0.58,0.0
For SaleTrade,Pokemon,Paldea Evolved,Giacomo - 252/193 ,252/193,Ultra Rare,Holofoil,Ungraded,Near Mint,0.0,1,1.17,False,2025-05-23,Unknown,,Yes,Collectr,1.17,0.0
For SaleTrade,Pokemon,Paldean Fates,Jumpluff ,098/091,Shiny Rare,Holofoil,Ungraded,Near Mint,0.0,1,3.49,False,2025-05-23,Unknown,,Yes,Collectr,3.49,0.0
For SaleTrade,Pokemon,Paldean Fates,Naclstack ,177/091,Shiny Rare,Holofoil,Ungraded,Near Mint,0.0,1,2.87,False,2025-05-23,Unknown,,Yes,Collectr,2.87,0.0
For SaleTrade,Pokemon,Paldean Fates,Tinkatuff ,166/091,Shiny Rare,Holofoil,Ungraded,Near Mint,0.0,1,4.0,False,2025-05-23,Unknown,,Yes,Collectr,4.0,0.0
For SaleTrade,Pokemon,Paradigm Trigger,Regieleki VMAX (JP),034/098,Rare,Holofoil,Ungraded,Near Mint,0.0,1,1.9089,False,2025-05-23,Unknown,,Yes,Collectr,1.9089,0.0
For SaleTrade,Pokemon,Prismatic Evolutions,Roaring Moon ,065/131,Rare,Reverse Holofoil,Ungraded,Near Mint,0.0,1,0.21,False,2025-05-23,Unknown,,Yes,Collectr,0.21,0.0
For SaleTrade,Pokemon,Raging Surf,Jirachi (JP),042/062,Common,Normal,Ungraded,Near Mint,0.0,2,0.85,False,2025-05-23,Unknown,,Yes,Collectr,0.85,0.0
For SaleTrade,Pokemon,Scarlet & Violet Base Set,Basic Psychic Energy ,005,Common,Normal,Ungraded,Near Mint,0.0,1,0.04,False,2025-05-23,Unknown,,Yes,Collectr,0.04,0.0
For SaleTrade,Pokemon,Scarlet & Violet Base Set,Miraidon ,080/198,Rare,Reverse Holofoil,Ungraded,Near Mint,0.0,1,0.2,False,2025-05-23,Unknown,,Yes,Collectr,0.2,0.0
For SaleTrade,Pokemon,Silver Tempest,Radiant Alakazam ,059/195,Radiant Rare,Holofoil,Ungraded,Near Mint,0.0,1,0.7,False,2025-05-23,Unknown,,Yes,Collectr,0.7,0.0
For SaleTrade,Pokemon,Silver Tempest,Radiant Tsareena ,016/195,Radiant Rare,Holofoil,Ungraded,Near Mint,0.0,1,0.29,False,2025-05-23,Unknown,,Yes,Collectr,0.29,0.0
For SaleTrade,Pokemon,Terastal Festival ex,Hawlucha (JP),084/187,Rare,Holofoil,Ungraded,Near Mint,0.0,1,0.0,False,2025-05-23,Unknown,,Yes,Collectr,0.0,0.0
For SaleTrade,Pokemon,Time Gazer,Machamp VMAX (JP),033/067,Ultra Rare,Holofoil,Ungraded,Near Mint,0.0,1,2.4157,False,2025-05-23,Unknown,,Yes,Collectr,2.4157,0.0
For SaleTrade,Pokemon,Ultra Prism,Dawn Wings Necrozma GX ,63/156,Ultra Rare,Holofoil,Ungraded,Near Mint,0.0,1,2.99,False,2025-05-23,Unknown,,Yes,Collectr,2.99,0.0
For SaleTrade,Pokemon,Vivid Voltage,Talonflame V (Full Art) ,168/185,Ultra Rare,Holofoil,Ungraded,Near Mint,0.0,1,3.06,False,2025-05-23,Unknown,,Yes,Collectr,3.06,0.0
For SaleTrade,Pokemon,VMAX Climax,Orbeetle VMAX (JP),011/184,Ultra Rare,Holofoil,Ungraded,Near Mint,0.0,1,1.6245,False,2025-05-23,Unknown,,Yes,Collectr,1.6245,0.0
For SaleTrade,Pokemon,VSTAR Universe,Roxanne (JP),157/172,Uncommon,Normal,Ungraded,Near Mint,0.0,1,1.08,False,2025-05-23,Unknown,,Yes,Collectr,1.08,0.0
For SaleTrade,Pokemon,Wild Force,Walking Wake ex (JP),086/071,Super Rare,Holofoil,Ungraded,Near Mint,0.0,1,4.1827,False,2025-05-23,Unknown,,Yes,Collectr,4.1827,0.0
For SaleTrade,Pokemon,XY Base Set,Shauna ,127,Uncommon,Normal,Ungraded,Near Mint,0.0,1,0.12,False,2025-05-23,Unknown,,Yes,Collectr,0.12,0.0
Graded,Pokemon,Paradigm Trigger,Candice (JP),113/098,Secret Rare,Holofoil,CGC 10.0,Near Mint,0.0,1,26.0,False,2025-05-15,Unknown,,Yes,Collectr,26.0,0.0
Journey together,Pokemon,Journey Together,Alcremie ex ,075/159,Double Rare,Holofoil,Ungraded,Near Mint,0.0,1,0.8,False,2025-04-20,Unknown,,Yes,Collectr,0.8,0.0
Journey together,Pokemon,Journey Together,Alolan Marowak ,057/159,Uncommon,Normal,Ungraded,Near Mint,0.0,1,0.04,False,2025-04-20,Unknown,,Yes,Collectr,0.04,0.0
Journey together,Pokemon,Journey Together,Blaziken ex ,024/159,Double Rare,Holofoil,Ungraded,Near Mint,0.0,1,3.03,False,2025-04-20,Unknown,,Yes,Collectr,3.03,0.0
Journey together,Pokemon,Journey Together,Bombirdier ,101/159,Common,Normal,Ungraded,Near Mint,0.0,1,0.04,False,2025-04-20,Unknown,,Yes,Collectr,0.04,0.0
Journey together,Pokemon,Journey Together,Brock's Scouting ,146/159,Uncommon,Normal,Ungraded,Near Mint,0.0,1,0.2,False,2025-04-20,Unknown,,Yes,Collectr,0.2,0.0
Journey together,Pokemon,Journey Together,Butterfree ,003/159,Holo Rare,Holofoil,Ungraded,Near Mint,0.0,2,0.09,False,2025-04-20,Unknown,,Yes,Collectr,0.09,0.0
Journey together,Pokemon,Journey Together,Cubone ,076/159,Common,Normal,Ungraded,Near Mint,0.0,1,0.04,False,2025-04-20,Unknown,,Yes,Collectr,0.04,0.0
Journey together,Pokemon,Journey Together,Drampa ,130/159,Common,Normal,Ungraded,Near Mint,0.0,1,0.03,False,2025-04-20,Unknown,,Yes,Collectr,0.03,0.0
Journey together,Pokemon,Journey Together,Druddigon ,115/159,Common,Normal,Ungraded,Near Mint,0.0,1,0.07,False,2025-04-20,Unknown,,Yes,Collectr,0.07,0.0
Journey together,Pokemon,Journey Together,Dudunsparce ex ,121/159,Double Rare,Holofoil,Ungraded,Near Mint,0.0,1,0.8,False,2025-04-20,Unknown,,Yes,Collectr,0.8,0.0
Journey together,Pokemon,Journey Together,Escavalier ,102/159,Uncommon,Normal,Ungraded,Near Mint,0.0,1,0.03,False,2025-04-20,Unknown,,Yes,Collectr,0.03,0.0
Journey together,Pokemon,Journey Together,Foongus ,010/159,Common,Normal,Ungraded,Near Mint,0.0,1,0.04,False,2025-04-20,Unknown,,Yes,Collectr,0.04,0.0
Journey together,Pokemon,Journey Together,Hop's Bag ,147/159,Uncommon,Normal,Ungraded,Near Mint,0.0,1,0.1,False,2025-04-20,Unknown,,Yes,Collectr,0.1,0.0
Journey together,Pokemon,Journey Together,Hop's Corvisquire ,134/159,Common,Normal,Ungraded,Near Mint,0.0,1,0.06,False,2025-04-20,Unknown,,Yes,Collectr,0.06,0.0
Journey together,Pokemon,Journey Together,Hop's Cramorant ,138/159,Uncommon,Normal,Ungraded,Near Mint,0.0,1,0.09,False,2025-04-20,Unknown,,Yes,Collectr,0.09,0.0
Journey together,Pokemon,Journey Together,Hop's Dubwool ,136/159,Holo Rare,Holofoil,Ungraded,Near Mint,0.0,2,0.1,False,2025-04-20,Unknown,,Yes,Collectr,0.1,0.0
Journey together,Pokemon,Journey Together,Hop's Silicobra ,086/159,Common,Normal,Ungraded,Near Mint,0.0,1,0.07,False,2025-04-20,Unknown,,Yes,Collectr,0.07,0.0
Journey together,Pokemon,Journey Together,Hop's Snorlax ,117/159,Holo Rare,Holofoil,Ungraded,Near Mint,0.0,1,0.32,False,2025-04-20,Unknown,,Yes,Collectr,0.32,0.0
Journey together,Pokemon,Journey Together,Hop's Wooloo ,170/159,Illustration Rare,Holofoil,Ungraded,Near Mint,0.0,1,4.24,False,2025-04-20,Unknown,,Yes,Collectr,4.24,0.0
Journey together,Pokemon,Journey Together,Hop's Wooloo ,135/159,Common,Normal,Ungraded,Near Mint,0.0,1,0.06,False,2025-04-20,Unknown,,Yes,Collectr,0.06,0.0
Journey together,Pokemon,Journey Together,Hop's Zacian ex ,111/159,Double Rare,Holofoil,Ungraded,Near Mint,0.0,1,0.73,False,2025-04-20,Unknown,,Yes,Collectr,0.73,0.0
Journey together,Pokemon,Journey Together,Impidimp ,071/159,Common,Normal,Ungraded,Near Mint,0.0,1,0.03,False,2025-04-20,Unknown,,Yes,Collectr,0.03,0.0
Journey together,Pokemon,Journey Together,Iono's Bellibolt ex ,053/159,Double Rare,Holofoil,Ungraded,Near Mint,0.0,1,1.07,False,2025-04-20,Unknown,,Yes,Collectr,1.07,0.0
Journey together,Pokemon,Journey Together,Iono's Kilowattrel ,055/159,Holo Rare,Holofoil,Ungraded,Near Mint,0.0,2,0.15,False,2025-04-20,Unknown,,Yes,Collectr,0.15,0.0
Journey together,Pokemon,Journey Together,Iono's Voltorb ,047/159,Common,Normal,Ungraded,Near Mint,0.0,1,0.17,False,2025-04-20,Unknown,,Yes,Collectr,0.17,0.0
Journey together,Pokemon,Journey Together,Iris's Fighting Spirit ,149/159,Uncommon,Normal,Ungraded,Near Mint,0.0,2,0.04,False,2025-04-20,Unknown,,Yes,Collectr,0.04,0.0
Journey together,Pokemon,Journey Together,Klawf ,090/159,Uncommon,Normal,Ungraded,Near Mint,0.0,1,0.03,False,2025-04-20,Unknown,,Yes,Collectr,0.03,0.0
Journey together,Pokemon,Journey Together,Koffing ,091/159,Common,Normal,Ungraded,Near Mint,0.0,1,0.06,False,2025-04-20,Unknown,,Yes,Collectr,0.06,0.0
Journey together,Pokemon,Journey Together,Larvesta ,028/159,Common,Normal,Ungraded,Near Mint,0.0,1,0.23,False,2025-04-20,Unknown,,Yes,Collectr,0.23,0.0
Journey together,Pokemon,Journey Together,Levincia ,150/159,Uncommon,Normal,Ungraded,Near Mint,0.0,1,0.12,False,2025-04-20,Unknown,,Yes,Collectr,0.12,0.0
Journey together,Pokemon,Journey Together,Lillie's Pearl ,151/159,Uncommon,Normal,Ungraded,Near Mint,0.0,3,0.07,False,2025-04-20,Unknown,,Yes,Collectr,0.07,0.0
Journey together,Pokemon,Journey Together,Lillie's Ribombee ,067/159,Holo Rare,Holofoil,Ungraded,Near Mint,0.0,1,0.07,False,2025-04-20,Unknown,,Yes,Collectr,0.07,0.0
Journey together,Pokemon,Journey Together,Lilligant ,007/159,Common,Normal,Ungraded,Near Mint,0.0,1,0.13,False,2025-04-20,Unknown,,Yes,Collectr,0.13,0.0
Journey together,Pokemon,Journey Together,Ludicolo ,037/159,Holo Rare,Holofoil,Ungraded,Near Mint,0.0,2,0.12,False,2025-04-20,Unknown,,Yes,Collectr,0.12,0.0
Journey together,Pokemon,Journey Together,Lycanroc ,085/159,Holo Rare,Holofoil,Ungraded,Near Mint,0.0,2,0.14,False,2025-04-20,Unknown,,Yes,Collectr,0.14,0.0
Journey together,Pokemon,Journey Together,Magearna ,107/159,Holo Rare,Holofoil,Ungraded,Near Mint,0.0,2,0.12,False,2025-04-20,Unknown,,Yes,Collectr,0.12,0.0
Journey together,Pokemon,Journey Together,Magmortar ,021/159,Holo Rare,Holofoil,Ungraded,Near Mint,0.0,2,0.14,False,2025-04-20,Unknown,,Yes,Collectr,0.14,0.0
Journey together,Pokemon,Journey Together,Metagross ,063/159,Holo Rare,Holofoil,Ungraded,Near Mint,0.0,1,0.13,False,2025-04-20,Unknown,,Yes,Collectr,0.13,0.0
Journey together,Pokemon,Journey Together,Metang ,062/159,Common,Normal,Ungraded,Near Mint,0.0,1,0.06,False,2025-04-20,Unknown,,Yes,Collectr,0.06,0.0
Journey together,Pokemon,Journey Together,Metapod ,002/159,Common,Normal,Ungraded,Near Mint,0.0,1,0.07,False,2025-04-20,Unknown,,Yes,Collectr,0.07,0.0
Journey together,Pokemon,Journey Together,Minccino ,125/159,Common,Normal,Ungraded,Near Mint,0.0,1,0.03,False,2025-04-20,Unknown,,Yes,Collectr,0.03,0.0
Journey together,Pokemon,Journey Together,Morgrem ,072/159,Common,Normal,Ungraded,Near Mint,0.0,1,0.04,False,2025-04-20,Unknown,,Yes,Collectr,0.04,0.0
Journey together,Pokemon,Journey Together,Noibat ,127/159,Common,Normal,Ungraded,Near Mint,0.0,3,0.04,False,2025-04-20,Unknown,,Yes,Collectr,0.04,0.0
Journey together,Pokemon,Journey Together,Noivern ,128/159,Holo Rare,Holofoil,Ungraded,Near Mint,0.0,2,0.07,False,2025-04-20,Unknown,,Yes,Collectr,0.07,0.0
Journey together,Pokemon,Journey Together,N's Klink ,103/159,Common,Normal,Ungraded,Near Mint,0.0,1,0.02,False,2025-04-20,Unknown,,Yes,Collectr,0.02,0.0
Journey together,Pokemon,Journey Together,N's PP Up ,153/159,Uncommon,Normal,Ungraded,Near Mint,0.0,1,0.17,False,2025-04-20,Unknown,,Yes,Collectr,0.17,0.0
Journey together,Pokemon,Journey Together,N's Reshiram ,116/159,Holo Rare,Holofoil,Ungraded,Near Mint,0.0,2,0.26,False,2025-04-20,Unknown,,Yes,Collectr,0.26,0.0
Journey together,Pokemon,Journey Together,Paldean Clodsire ex ,094/159,Double Rare,Holofoil,Ungraded,Near Mint,0.0,1,0.62,False,2025-04-20,Unknown,,Yes,Collectr,0.62,0.0
Journey together,Pokemon,Journey Together,Paras ,004/159,Common,Normal,Ungraded,Near Mint,0.0,1,0.05,False,2025-04-20,Unknown,,Yes,Collectr,0.05,0.0
Journey together,Pokemon,Journey Together,Petilil ,006/159,Common,Normal,Ungraded,Near Mint,0.0,1,0.04,False,2025-04-20,Unknown,,Yes,Collectr,0.04,0.0
Journey together,Pokemon,Journey Together,Pupitar ,081/159,Common,Normal,Ungraded,Near Mint,0.0,1,0.06,False,2025-04-20,Unknown,,Yes,Collectr,0.06,0.0
Journey together,Pokemon,Journey Together,Redeemable Ticket ,156/159,Uncommon,Normal,Ungraded,Near Mint,0.0,1,0.15,False,2025-04-20,Unknown,,Yes,Collectr,0.15,0.0
Journey together,Pokemon,Journey Together,Remoraid ,033/159,Common,Normal,Ungraded,Near Mint,0.0,1,0.02,False,2025-04-20,Unknown,,Yes,Collectr,0.02,0.0
Journey together,Pokemon,Journey Together,Shelgon ,113/159,Common,Normal,Ungraded,Near Mint,0.0,1,0.12,False,2025-04-20,Unknown,,Yes,Collectr,0.12,0.0
Journey together,Pokemon,Journey Together,Shelmet ,012/159,Common,Normal,Ungraded,Near Mint,0.0,1,0.03,False,2025-04-20,Unknown,,Yes,Collectr,0.03,0.0
Journey together,Pokemon,Journey Together,Shuppet ,059/159,Common,Normal,Ungraded,Near Mint,0.0,1,0.07,False,2025-04-20,Unknown,,Yes,Collectr,0.07,0.0
Journey together,Pokemon,Journey Together,Skwovet ,131/159,Common,Normal,Ungraded,Near Mint,0.0,1,0.03,False,2025-04-20,Unknown,,Yes,Collectr,0.03,0.0
Journey together,Pokemon,Journey Together,Spiky Energy ,159/159,Uncommon,Normal,Ungraded,Near Mint,0.0,1,0.19,False,2025-04-20,Unknown,,Yes,Collectr,0.19,0.0
Journey together,Pokemon,Journey Together,Super Potion ,158/159,Uncommon,Normal,Ungraded,Near Mint,0.0,1,0.09,False,2025-04-20,Unknown,,Yes,Collectr,0.09,0.0
Journey together,Pokemon,Journey Together,Toedscruel ,089/159,Uncommon,Normal,Ungraded,Near Mint,0.0,1,0.06,False,2025-04-20,Unknown,,Yes,Collectr,0.06,0.0
Journey together,Pokemon,Journey Together,Togedemaru ,050/159,Common,Normal,Ungraded,Near Mint,0.0,1,0.04,False,2025-04-20,Unknown,,Yes,Collectr,0.04,0.0
Journey together,Pokemon,Journey Together,Torchic ,022/159,Common,Normal,Ungraded,Near Mint,0.0,1,0.09,False,2025-04-20,Unknown,,Yes,Collectr,0.09,0.0
Journey together,Pokemon,Journey Together,Torkoal ,025/159,Common,Normal,Ungraded,Near Mint,0.0,1,0.05,False,2025-04-20,Unknown,,Yes,Collectr,0.05,0.0
Journey together,Pokemon,Journey Together,Tropius ,123/159,Common,Normal,Ungraded,Near Mint,0.0,1,0.04,False,2025-04-20,Unknown,,Yes,Collectr,0.04,0.0
Journey together,Pokemon,Journey Together,Tyranitar ,095/159,Holo Rare,Holofoil,Ungraded,Near Mint,0.0,2,0.16,False,2025-04-20,Unknown,,Yes,Collectr,0.16,0.0
Journey together,Pokemon,Journey Together,Virizion ,015/159,Uncommon,Normal,Ungraded,Near Mint,0.0,1,0.03,False,2025-04-20,Unknown,,Yes,Collectr,0.03,0.0
Journey together,Pokemon,Journey Together,Volcanion ex ,031/159,Double Rare,Holofoil,Ungraded,Near Mint,0.0,1,0.72,False,2025-04-20,Unknown,,Yes,Collectr,0.72,0.0
Journey together,Pokemon,Journey Together,Wailord ,041/159,Holo Rare,Holofoil,Ungraded,Near Mint,0.0,2,0.14,False,2025-04-20,Unknown,,Yes,Collectr,0.14,0.0
Main,One Piece,Awakening of the New Era,Rebecca (Alternate Art) ,OP05-091,SR,Foil,Ungraded,Near Mint,0.0,1,26.84,False,2025-05-15,Unknown,,Yes,Collectr,26.84,0.0
Main,One Piece,Awakening of the New Era,Rebecca (Alternate Art) (JP),OP05-091,SR,Foil,Ungraded,Near Mint,0.0,1,21.8,False,2025-05-15,Unknown,,Yes,Collectr,21.8,0.0
Main,One Piece,Emperors in the New World,Lim (Parallel) (JP),OP09-022,L,Foil,Ungraded,Near Mint,0.0,1,6.8,False,2025-05-15,Unknown,,Yes,Collectr,6.8,0.0
Main,One Piece,Emperors in the New World,Nami (Parallel) (JP),OP09-050,R,Foil,Ungraded,Near Mint,0.0,1,9.81,False,2025-05-15,Unknown,,Yes,Collectr,9.81,0.0
Main,One Piece,PRB01 - One Piece Card the Best,Charlotte Smoothie (Parallel) (JP),OP03-110,R,Foil,Ungraded,Near Mint,0.0,1,5.8,False,2025-05-15,Unknown,,Yes,Collectr,5.8,0.0
Main,One Piece,Romance Dawn,Yamato (JP),OP01-121,SCR,Foil,Ungraded,Near Mint,0.0,1,4.2,False,2025-05-15,Unknown,,Yes,Collectr,4.2,0.0
Main,One Piece,Wings of the Captain,Kouzuki Hiyori (Alternate Art) ,OP06-106,SR,Foil,Ungraded,Near Mint,0.0,1,16.13,False,2025-05-15,Unknown,,Yes,Collectr,16.13,0.0
Main,Pokemon,Astral Radiance Trainer Gallery,Galarian Zapdos V ,TG19/TG30,Ultra Rare,Holofoil,Ungraded,Near Mint,0.0,1,8.75,False,2025-04-25,Unknown,,Yes,Collectr,8.75,0.0
Main,Pokemon,Battle Partners,Iono's Bellibolt (JP),125/100,Special Art Rare,Holofoil,Ungraded,Near Mint,0.0,1,76.1303,False,2025-04-28,Unknown,,Yes,Collectr,76.1303,0.0
Main,Pokemon,Battle Partners,N's Reshiram (JP),109/100,Art Rare,Holofoil,CGC 10.0,Near Mint,0.0,1,45.6667,False,2025-05-22,Unknown,,Yes,Collectr,45.6667,0.0
Main,Pokemon,Battle Partners,Salamence ex (JP),129/100,Special Art Rare,Holofoil,Ungraded,Near Mint,0.0,1,39.0,False,2025-05-22,Unknown,,Yes,Collectr,39.0,0.0
Main,Pokemon,Battle Region,Barboach (JP),021/067,Common,Normal,Ungraded,Near Mint,0.0,1,1.49,False,2025-05-22,Unknown,,Yes,Collectr,1.49,0.0
Main,Pokemon,Battle Region,Chandelure (JP),069/067,Secret Rare,Holofoil,Ungraded,Near Mint,0.0,1,3.3132,False,2025-05-22,Unknown,,Yes,Collectr,3.3132,0.0
Main,Pokemon,Battle Region,Cyllene (JP),088/067,Secret Rare,Holofoil,Ungraded,Near Mint,0.0,1,3.99,False,2025-05-22,Unknown,,Yes,Collectr,3.99,0.0
Main,Pokemon,Battle Region,Hippowdon (JP),042/067,Uncommon,Normal,Ungraded,Near Mint,0.0,1,1.49,False,2025-05-22,Unknown,,Yes,Collectr,1.49,0.0
Main,Pokemon,Battle Region,Hisuian Decidueye V (JP),044/067,Ultra Rare,Holofoil,Ungraded,Near Mint,0.0,1,1.4563,False,2025-05-22,Unknown,,Yes,Collectr,1.4563,0.0
Main,Pokemon,Battle Region,Hisuian Decidueye VSTAR (JP),045/067,Ultra Rare,Holofoil,Ungraded,Near Mint,0.0,1,1.6823,False,2025-05-22,Unknown,,Yes,Collectr,1.6823,0.0
Main,Pokemon,Battle Region,Hisuian Samurott V (JP),052/067,Ultra Rare,Holofoil,Ungraded,Near Mint,0.0,1,1.6843,False,2025-05-22,Unknown,,Yes,Collectr,1.6843,0.0
Main,Pokemon,Battle Region,Hisuian Typhlosion V (JP),028/067,Ultra Rare,Holofoil,Ungraded,Near Mint,0.0,1,1.4346,False,2025-05-22,Unknown,,Yes,Collectr,1.4346,0.0
Main,Pokemon,Battle Region,Hisuian Typhlosion VSTAR (JP),029/067,Ultra Rare,Holofoil,Ungraded,Near Mint,0.0,1,2.0444,False,2025-05-22,Unknown,,Yes,Collectr,2.0444,0.0
Main,Pokemon,Battle Region,Jynx (JP),027/067,Common,Normal,Ungraded,Near Mint,0.0,1,1.49,False,2025-05-22,Unknown,,Yes,Collectr,1.49,0.0
Main,Pokemon,Battle Region,Kleavor (JP),071/067,Secret Rare,Holofoil,Ungraded,Near Mint,0.0,1,3.0687,False,2025-05-22,Unknown,,Yes,Collectr,3.0687,0.0
Main,Pokemon,Battle Region,Lampent (JP),013/067,Common,Normal,Ungraded,Near Mint,0.0,1,2.99,False,2025-05-22,Unknown,,Yes,Collectr,2.99,0.0
Main,Pokemon,Battle Region,Mamoswine (JP),020/067,Uncommon,Normal,Ungraded,Near Mint,0.0,1,1.23,False,2025-05-22,Unknown,,Yes,Collectr,1.23,0.0
Main,Pokemon,Battle Region,Noctowl (JP),056/067,Uncommon,Normal,Ungraded,Near Mint,0.0,1,2.99,False,2025-05-22,Unknown,,Yes,Collectr,2.99,0.0
Main,Pokemon,Battle Region,Piloswine (JP),019/067,Common,Normal,Ungraded,Near Mint,0.0,1,1.23,False,2025-05-22,Unknown,,Yes,Collectr,1.23,0.0
Main,Pokemon,Battle Region,Rhyhorn (JP),037/067,Common,Normal,Ungraded,Near Mint,0.0,1,1.99,False,2025-05-22,Unknown,,Yes,Collectr,1.99,0.0
Main,Pokemon,Battle Region,Roxanne (JP),065/067,Uncommon,Normal,Ungraded,Near Mint,0.0,1,3.6,False,2025-05-22,Unknown,,Yes,Collectr,3.6,0.0
Main,Pokemon,Battle Region,Scyther (JP),004/067,Common,Normal,Ungraded,Near Mint,0.0,1,1.49,False,2025-05-22,Unknown,,Yes,Collectr,1.49,0.0
Main,Pokemon,Battle Region,Sparkling Hawlucha (JP),043/067,Rare,Holofoil,Ungraded,Near Mint,0.0,1,2.29,False,2025-05-22,Unknown,,Yes,Collectr,2.29,0.0
Main,Pokemon,Battle Region,Starmie V (JP),017/067,Ultra Rare,Holofoil,Ungraded,Near Mint,0.0,1,1.3624,False,2025-05-22,Unknown,,Yes,Collectr,1.3624,0.0
Main,Pokemon,Battle Region,Vespiquen (JP),009/067,Uncommon,Normal,Ungraded,Near Mint,0.0,1,1.23,False,2025-05-22,Unknown,,Yes,Collectr,1.23,0.0
Main,Pokemon,Battle Region,Virizion V (JP),010/067,Ultra Rare,Holofoil,Ungraded,Near Mint,0.0,1,1.4756,False,2025-05-22,Unknown,,Yes,Collectr,1.4756,0.0
Main,Pokemon,Battle Region,Whiscash (JP),022/067,Uncommon,Normal,Ungraded,Near Mint,0.0,1,1.26,False,2025-05-22,Unknown,,Yes,Collectr,1.26,0.0
Main,Pokemon,Brilliant Stars Trainer Gallery,Single Strike Urshifu V ,TG18/TG30,Ultra Rare,Holofoil,Ungraded,Near Mint,0.0,1,4.05,False,2025-04-25,Unknown,,Yes,Collectr,4.05,0.0
Main,Pokemon,Brilliant Stars Trainer Gallery,Single Strike Urshifu VMAX ,TG19/TG30,Ultra Rare,Holofoil,Ungraded,Near Mint,0.0,1,6.92,False,2025-04-25,Unknown,,Yes,Collectr,6.92,0.0
Main,Pokemon,Crown Zenith,Pikachu (Secret) ,160/159,Secret Rare,Holofoil,PSA 10.0,Near Mint,0.0,1,91.5394,False,2025-03-23,Unknown,,Yes,Collectr,91.5394,0.0
Main,Pokemon,Crown Zenith: Galarian Gallery,Melony ,GG64/GG70,Ultra Rare,Holofoil,Ungraded,Near Mint,0.0,1,5.28,False,2025-04-25,Unknown,,Yes,Collectr,5.28,0.0
Main,Pokemon,Dark Phantasma,Hisuian Arcanine (JP),075/071,Secret Rare,Holofoil,Ungraded,Near Mint,0.0,1,5.2036,False,2025-04-20,Unknown,,Yes,Collectr,5.2036,0.0
Main,Pokemon,Destined Rivals,Destined Rivals Sleeved Booster Case ,,,Normal,Ungraded,Near Mint,0.0,2,1276.56,False,2025-05-12,Unknown,,Yes,Collectr,1276.56,0.0
Main,Pokemon,Diamond and Pearl,Bonsly ,71,Common,Normal,Ungraded,Near Mint,0.0,1,2.12,False,2025-03-23,Unknown,,Yes,Collectr,2.12,0.0
Main,Pokemon,Fusion Strike,Genesect V (Alternate Full Art) ,255/264,Ultra Rare,Holofoil,Ungraded,Near Mint,0.0,1,28.01,False,2025-03-23,Unknown,,Yes,Collectr,28.01,0.0
Main,Pokemon,Fusion Strike,Sandaconda V (Alternate Full Art) ,252/264,Ultra Rare,Holofoil,Ungraded,Near Mint,0.0,1,4.35,False,2025-03-23,Unknown,,Yes,Collectr,4.35,0.0
Main,Pokemon,Journey Together,Iono's Bellibolt ex ,183/159,Special Illustration Rare,Holofoil,Ungraded,Near Mint,0.0,1,69.07,False,2025-05-22,Unknown,,Yes,Collectr,69.07,0.0
Main,Pokemon,Journey Together,Iono's Kilowattrel ,163/159,Illustration Rare,Holofoil,Ungraded,Near Mint,0.0,1,6.7,False,2025-04-28,Unknown,,Yes,Collectr,6.7,0.0
Main,Pokemon,Lost Abyss,Lady (JP),114/100,Secret Rare,Holofoil,Ungraded,Near Mint,0.0,1,35.0,False,2025-04-25,Unknown,,Yes,Collectr,35.0,0.0
Main,Pokemon,Lost Origin Trainer Gallery,Banette ,TG07/TG30,Ultra Rare,Holofoil,Ungraded,Near Mint,0.0,1,1.3,False,2025-04-25,Unknown,,Yes,Collectr,1.3,0.0
Main,Pokemon,Lost Origin Trainer Gallery,Enamorus V ,TG18/TG30,Ultra Rare,Holofoil,Ungraded,Near Mint,0.0,1,8.76,False,2025-04-25,Unknown,,Yes,Collectr,8.76,0.0
Main,Pokemon,Lost Origin Trainer Gallery,Spiritomb ,TG09/TG30,Ultra Rare,Holofoil,Ungraded,Near Mint,0.0,1,1.25,False,2025-04-20,Unknown,,Yes,Collectr,1.25,0.0
Main,Pokemon,Miscellaneous Cards & Products,Slashing Legends Tin [Zacian ex] ,,,Normal,Ungraded,Near Mint,0.0,2,28.24,False,2025-05-12,Unknown,,Yes,Collectr,28.24,0.0
Main,Pokemon,Obsidian Flames,Houndour  ,204/197,Illustration Rare,Holofoil,Ungraded,Near Mint,0.0,1,6.43,False,2025-03-23,Unknown,,Yes,Collectr,6.43,0.0
Main,Pokemon,Paldea Evolved,Giacomo - 252/193 ,252/193,Ultra Rare,Holofoil,Ungraded,Near Mint,0.0,1,1.17,False,2025-04-25,Unknown,,Yes,Collectr,1.17,0.0
Main,Pokemon,Paldean Fates,Jumpluff ,098/091,Shiny Rare,Holofoil,Ungraded,Near Mint,0.0,1,3.49,False,2025-04-25,Unknown,,Yes,Collectr,3.49,0.0
Main,Pokemon,Prismatic Evolutions,Iron Crown ex ,158/131,Special Illustration Rare,Holofoil,Ungraded,Near Mint,0.0,1,73.31,False,2025-05-22,Unknown,,Yes,Collectr,73.31,0.0
Main,Pokemon,Prismatic Evolutions,Prismatic Evolutions Accessory Pouch Special Collection ,,,Normal,Ungraded,Near Mint,0.0,5,55.59,False,2025-05-12,Unknown,,Yes,Collectr,55.59,0.0
Main,Pokemon,Prismatic Evolutions,Prismatic Evolutions Surprise Box Case ,,,Normal,Ungraded,Near Mint,0.0,1,490.2,False,2025-01-28,Unknown,,Yes,Collectr,490.2,0.0
Main,Pokemon,Scarlet & Violet Base Set,Scarlet & Violet Booster Box ,,,Normal,Ungraded,Near Mint,0.0,1,209.62,False,2025-05-12,Unknown,,Yes,Collectr,209.62,0.0
Main,Pokemon,Scarlet & Violet Promo,Greninja ex ,132,Promo,Holofoil,Ungraded,Near Mint,0.0,1,27.32,False,2025-03-23,Unknown,,Yes,Collectr,27.32,0.0
Main,Pokemon,Scarlet & Violet Promo,Kingdra ex - 131 ,131,Promo,Holofoil,Ungraded,Near Mint,0.0,1,24.06,False,2025-03-23,Unknown,,Yes,Collectr,24.06,0.0
Main,Pokemon,Scarlet & Violet Promo JP,Eevee (Yu Nagaba) ,062/SV-P,Promo,Reverse Holofoil,PSA 10.0,Near Mint,0.0,1,93.2388,False,2025-03-07,Unknown,,Yes,Collectr,93.2388,0.0
Main,Pokemon,Scarlet & Violet Promo JP,Espeon (Yu Nagaba) ,066/SV-P,Promo,Reverse Holofoil,PSA 10.0,Near Mint,0.0,1,75.01,False,2025-03-07,Unknown,,Yes,Collectr,75.01,0.0
Main,Pokemon,Scarlet & Violet Promo JP,Flareon (Yu Nagaba) ,065/SV-P,Promo,Reverse Holofoil,PSA 10.0,Near Mint,0.0,1,85.173,False,2025-03-07,Unknown,,Yes,Collectr,85.173,0.0
Main,Pokemon,Scarlet & Violet Promo JP,Glaceon (Yu Nagaba) ,069/SV-P,Promo,Reverse Holofoil,PSA 10.0,Near Mint,0.0,1,82.1153,False,2025-03-07,Unknown,,Yes,Collectr,82.1153,0.0
Main,Pokemon,Scarlet & Violet Promo JP,Jolteon (Yu Nagaba) ,064/SV-P,Promo,Reverse Holofoil,PSA 10.0,Near Mint,0.0,1,80.8645,False,2025-03-07,Unknown,,Yes,Collectr,80.8645,0.0
Main,Pokemon,Scarlet & Violet Promo JP,Leafeon (Yu Nagaba) ,068/SV-P,Promo,Reverse Holofoil,PSA 10.0,Near Mint,0.0,1,87.6243,False,2025-03-07,Unknown,,Yes,Collectr,87.6243,0.0
Main,Pokemon,Scarlet & Violet Promo JP,Sylveon (Yu Nagaba) ,070/SV-P,Promo,Reverse Holofoil,PSA 10.0,Near Mint,0.0,1,84.8942,False,2025-03-07,Unknown,,Yes,Collectr,84.8942,0.0
Main,Pokemon,Scarlet & Violet Promo JP,Umbreon (Yu Nagaba) ,067/SV-P,Promo,Reverse Holofoil,PSA 10.0,Near Mint,0.0,1,143.6321,False,2025-03-07,Unknown,,Yes,Collectr,143.6321,0.0
Main,Pokemon,Scarlet & Violet Promo JP,Vaporeon (Yu Nagaba) ,063/SV-P,Promo,Reverse Holofoil,PSA 10.0,Near Mint,0.0,1,87.0,False,2025-03-07,Unknown,,Yes,Collectr,87.0,0.0
Main,Pokemon,Shrouded Fable,Greninja ex Special Illustration Collection ,,,Normal,Ungraded,Near Mint,0.0,12,74.22,False,2025-05-12,Unknown,,Yes,Collectr,74.22,0.0
Main,Pokemon,Shrouded Fable,Revavroom ex - 081/064 ,081/064,Ultra Rare,Holofoil,Ungraded,Near Mint,0.0,1,1.27,False,2025-03-23,Unknown,,Yes,Collectr,1.27,0.0
Main,Pokemon,Shrouded Fable,Shrouded Fable Special Illustration Collection Case ,,,Normal,Ungraded,Near Mint,0.0,2,251.11,False,2025-05-12,Unknown,,Yes,Collectr,251.11,0.0
Main,Pokemon,Silver Tempest Trainer Gallery,Altaria ,TG11/TG30,Ultra Rare,Holofoil,Ungraded,Near Mint,0.0,1,3.34,False,2025-04-25,Unknown,,Yes,Collectr,3.34,0.0
Main,Pokemon,SV: 151,Squirtle ,170/165,Illustration Rare,Holofoil,Ungraded,Near Mint,0.0,1,46.05,False,2025-03-23,Unknown,,Yes,Collectr,46.05,0.0
Main,Pokemon,Sword & Shield Promos (JP),Pikachu - 208/S-P (Yu Nagaba) ,208/S-P,Promo,Reverse Holofoil,CGC 10.0,Near Mint,0.0,1,138.3867,False,2025-03-07,Unknown,,Yes,Collectr,138.3867,0.0
Main,Pokemon,Twilight Masquerade,Torkoal ,172/167,Illustration Rare,Holofoil,Ungraded,Near Mint,0.0,1,4.36,False,2025-03-23,Unknown,,Yes,Collectr,4.36,0.0
mihraz,Pokemon,Battle Partners,N's Reshiram (JP),109/100,Art Rare,Holofoil,CGC 10.0,Near Mint,0.0,1,45.6667,False,2025-05-22,Unknown,,Yes,Collectr,45.6667,0.0
mihraz,Pokemon,Battle Partners,Salamence ex (JP),129/100,Special Art Rare,Holofoil,Ungraded,Near Mint,0.0,1,39.0,False,2025-05-22,Unknown,,Yes,Collectr,39.0,0.0
mihraz,Pokemon,Journey Together,Iono's Bellibolt ex ,183/159,Special Illustration Rare,Holofoil,Ungraded,Near Mint,0.0,1,69.07,False,2025-05-22,Unknown,,Yes,Collectr,69.07,0.0
mihraz,Pokemon,Prismatic Evolutions,Iron Crown ex ,158/131,Special Illustration Rare,Holofoil,Ungraded,Near Mint,0.0,1,73.31,False,2025-05-22,Unknown,,Yes,Collectr,73.31,0.0
mihraz2,Pokemon,Battle Region,Barboach (JP),021/067,Common,Normal,Ungraded,Near Mint,0.0,1,1.49,False,2025-05-22,Unknown,,Yes,Collectr,1.49,0.0
mihraz2,Pokemon,Battle Region,Chandelure (JP),069/067,Secret Rare,Holofoil,Ungraded,Near Mint,0.0,1,3.3132,False,2025-05-22,Unknown,,Yes,Collectr,3.3132,0.0
mihraz2,Pokemon,Battle Region,Cyllene (JP),088/067,Secret Rare,Holofoil,Ungraded,Near Mint,0.0,1,3.99,False,2025-05-22,Unknown,,Yes,Collectr,3.99,0.0
mihraz2,Pokemon,Battle Region,Hippowdon (JP),042/067,Uncommon,Normal,Ungraded,Near Mint,0.0,1,1.49,False,2025-05-22,Unknown,,Yes,Collectr,1.49,0.0
mihraz2,Pokemon,Battle Region,Hisuian Decidueye V (JP),044/067,Ultra Rare,Holofoil,Ungraded,Near Mint,0.0,1,1.4563,False,2025-05-22,Unknown,,Yes,Collectr,1.4563,0.0
mihraz2,Pokemon,Battle Region,Hisuian Decidueye VSTAR (JP),045/067,Ultra Rare,Holofoil,Ungraded,Near Mint,0.0,1,1.6823,False,2025-05-22,Unknown,,Yes,Collectr,1.6823,0.0
mihraz2,Pokemon,Battle Region,Hisuian Samurott V (JP),052/067,Ultra Rare,Holofoil,Ungraded,Near Mint,0.0,1,1.6843,False,2025-05-22,Unknown,,Yes,Collectr,1.6843,0.0
mihraz2,Pokemon,Battle Region,Hisuian Typhlosion V (JP),028/067,Ultra Rare,Holofoil,Ungraded,Near Mint,0.0,1,1.4346,False,2025-05-22,Unknown,,Yes,Collectr,1.4346,0.0
mihraz2,Pokemon,Battle Region,Hisuian Typhlosion VSTAR (JP),029/067,Ultra Rare,Holofoil,Ungraded,Near Mint,0.0,1,2.0444,False,2025-05-22,Unknown,,Yes,Collectr,2.0444,0.0
mihraz2,Pokemon,Battle Region,Jynx (JP),027/067,Common,Normal,Ungraded,Near Mint,0.0,1,1.49,False,2025-05-22,Unknown,,Yes,Collectr,1.49,0.0
mihraz2,Pokemon,Battle Region,Kleavor (JP),071/067,Secret Rare,Holofoil,Ungraded,Near Mint,0.0,1,3.0687,False,2025-05-22,Unknown,,Yes,Collectr,3.0687,0.0
mihraz2,Pokemon,Battle Region,Lampent (JP),013/067,Common,Normal,Ungraded,Near Mint,0.0,1,2.99,False,2025-05-22,Unknown,,Yes,Collectr,2.99,0.0
mihraz2,Pokemon,Battle Region,Mamoswine (JP),020/067,Uncommon,Normal,Ungraded,Near Mint,0.0,1,1.23,False,2025-05-22,Unknown,,Yes,Collectr,1.23,0.0
mihraz2,Pokemon,Battle Region,Noctowl (JP),056/067,Uncommon,Normal,Ungraded,Near Mint,0.0,1,2.99,False,2025-05-22,Unknown,,Yes,Collectr,2.99,0.0
mihraz2,Pokemon,Battle Region,Piloswine (JP),019/067,Common,Normal,Ungraded,Near Mint,0.0,1,1.23,False,2025-05-22,Unknown,,Yes,Collectr,1.23,0.0
mihraz2,Pokemon,Battle Region,Rhyhorn (JP),037/067,Common,Normal,Ungraded,Near Mint,0.0,1,1.99,False,2025-05-22,Unknown,,Yes,Collectr,1.99,0.0
mihraz2,Pokemon,Battle Region,Roxanne (JP),065/067,Uncommon,Normal,Ungraded,Near Mint,0.0,1,3.6,False,2025-05-22,Unknown,,Yes,Collectr,3.6,0.0
mihraz2,Pokemon,Battle Region,Scyther (JP),004/067,Common,Normal,Ungraded,Near Mint,0.0,1,1.49,False,2025-05-22,Unknown,,Yes,Collectr,1.49,0.0
mihraz2,Pokemon,Battle Region,Sparkling Hawlucha (JP),043/067,Rare,Holofoil,Ungraded,Near Mint,0.0,1,2.29,False,2025-05-22,Unknown,,Yes,Collectr,2.29,0.0
mihraz2,Pokemon,Battle Region,Starmie V (JP),017/067,Ultra Rare,Holofoil,Ungraded,Near Mint,0.0,1,1.3624,False,2025-05-22,Unknown,,Yes,Collectr,1.3624,0.0
mihraz2,Pokemon,Battle Region,Vespiquen (JP),009/067,Uncommon,Normal,Ungraded,Near Mint,0.0,1,1.23,False,2025-05-22,Unknown,,Yes,Collectr,1.23,0.0
mihraz2,Pokemon,Battle Region,Virizion V (JP),010/067,Ultra Rare,Holofoil,Ungraded,Near Mint,0.0,1,1.4756,False,2025-05-22,Unknown,,Yes,Collectr,1.4756,0.0
mihraz2,Pokemon,Battle Region,Whiscash (JP),022/067,Uncommon,Normal,Ungraded,Near Mint,0.0,1,1.26,False,2025-05-22,Unknown,,Yes,Collectr,1.26,0.0
O N E P I E C E,One Piece,Anime 25th Collection,Enel (JP),OP05-098,L,Foil,Ungraded,Near Mint,0.0,1,61.8,False,2025-05-12,Unknown,,Yes,Collectr,61.8,0.0
O N E P I E C E,One Piece,Awakening of the New Era,Baby 5 (JP),OP05-033,C,Normal,Ungraded,Near Mint,0.0,1,2.21,False,2025-05-12,Unknown,,Yes,Collectr,2.21,0.0
O N E P I E C E,One Piece,Awakening of the New Era,Because the Side of Justice Will Be Whichever Side Wins!! ,OP05-037,R,Foil,Ungraded,Near Mint,0.0,1,0.5,False,2025-05-12,Unknown,,Yes,Collectr,0.5,0.0
O N E P I E C E,One Piece,Awakening of the New Era,Belo Betty (Alternate Art) (JP),OP05-015,R,Foil,Ungraded,Near Mint,0.0,1,9.0,False,2025-05-12,Unknown,,Yes,Collectr,9.0,0.0
O N E P I E C E,One Piece,Awakening of the New Era,Belo Betty (JP),OP05-002,L,Normal,Ungraded,Near Mint,0.0,1,3.6,False,2025-05-12,Unknown,,Yes,Collectr,3.6,0.0
O N E P I E C E,One Piece,Awakening of the New Era,Bepo (JP),OP05-071,R,Foil,Ungraded,Near Mint,0.0,1,2.3,False,2025-05-12,Unknown,,Yes,Collectr,2.3,0.0
O N E P I E C E,One Piece,Awakening of the New Era,Borsalino (JP),OP05-051,C,Foil,Ungraded,Near Mint,0.0,1,4.2,False,2025-05-12,Unknown,,Yes,Collectr,4.2,0.0
O N E P I E C E,One Piece,Awakening of the New Era,Conis (JP),OP05-104,UC,Normal,Ungraded,Near Mint,0.0,1,2.3,False,2025-05-12,Unknown,,Yes,Collectr,2.3,0.0
O N E P I E C E,One Piece,Awakening of the New Era,Donquixote Rosinante (JP),OP05-022,L,Normal,Ungraded,Near Mint,0.0,1,2.5,False,2025-05-12,Unknown,,Yes,Collectr,2.5,0.0
O N E P I E C E,One Piece,Awakening of the New Era,Enel (SP) (JP),OP05-100,SR,Foil,Ungraded,Near Mint,0.0,1,4.2,False,2025-05-12,Unknown,,Yes,Collectr,4.2,0.0
O N E P I E C E,One Piece,Awakening of the New Era,Fire Fist (JP),OP05-019,R,Foil,Ungraded,Near Mint,0.0,1,3.2,False,2025-05-12,Unknown,,Yes,Collectr,3.2,0.0
O N E P I E C E,One Piece,Awakening of the New Era,Hina (JP),OP05-050,R,Foil,Ungraded,Near Mint,0.0,1,2.5,False,2025-05-12,Unknown,,Yes,Collectr,2.5,0.0
O N E P I E C E,One Piece,Awakening of the New Era,Issho ,OP05-042,R,Foil,Ungraded,Near Mint,0.0,1,0.14,False,2025-05-12,Unknown,,Yes,Collectr,0.14,0.0
O N E P I E C E,One Piece,Awakening of the New Era,Karasu ,OP05-005,R,Foil,Ungraded,Near Mint,0.0,1,1.63,False,2025-05-12,Unknown,,Yes,Collectr,1.63,0.0
O N E P I E C E,One Piece,Awakening of the New Era,Karasu (JP),OP05-005,R,Foil,Ungraded,Near Mint,0.0,1,2.8,False,2025-05-12,Unknown,,Yes,Collectr,2.8,0.0
O N E P I E C E,One Piece,Awakening of the New Era,Killer (JP),OP05-064,R,Foil,Ungraded,Near Mint,0.0,1,2.3,False,2025-05-12,Unknown,,Yes,Collectr,2.3,0.0
O N E P I E C E,One Piece,Awakening of the New Era,Koala (Alternate Art) (JP),OP05-006,SR,Foil,Ungraded,Near Mint,0.0,1,9.0,False,2025-05-12,Unknown,,Yes,Collectr,9.0,0.0
O N E P I E C E,One Piece,Awakening of the New Era,Mansherry ,OP05-088,R,Foil,Ungraded,Near Mint,0.0,1,0.29,False,2025-05-01,Unknown,,Yes,Collectr,0.29,0.0
O N E P I E C E,One Piece,Awakening of the New Era,Mansherry (Alternate Art) (JP),OP05-088,R,Foil,Ungraded,Near Mint,0.0,1,9.81,False,2025-05-12,Unknown,,Yes,Collectr,9.81,0.0
O N E P I E C E,One Piece,Awakening of the New Era,Miss Doublefinger (Zala) (JP),OP05-073,UC,Normal,Ungraded,Near Mint,0.0,1,2.5,False,2025-05-12,Unknown,,Yes,Collectr,2.5,0.0
O N E P I E C E,One Piece,Awakening of the New Era,Monet (JP),OP05-036,UC,Normal,Ungraded,Near Mint,0.0,1,2.21,False,2025-05-12,Unknown,,Yes,Collectr,2.21,0.0
O N E P I E C E,One Piece,Awakening of the New Era,Morley (JP),OP05-016,R,Foil,Ungraded,Near Mint,0.0,1,2.8,False,2025-05-12,Unknown,,Yes,Collectr,2.8,0.0
O N E P I E C E,One Piece,Awakening of the New Era,Nefeltari Vivi (JP),OP05-086,R,Foil,Ungraded,Near Mint,0.0,1,2.5,False,2025-05-12,Unknown,,Yes,Collectr,2.5,0.0
O N E P I E C E,One Piece,Awakening of the New Era,Ohm (JP),OP05-101,R,Foil,Ungraded,Near Mint,0.0,1,2.8,False,2025-05-12,Unknown,,Yes,Collectr,2.8,0.0
O N E P I E C E,One Piece,Awakening of the New Era,Rebecca (JP),OP05-091,SR,Foil,Ungraded,Near Mint,0.0,1,4.8,False,2025-05-12,Unknown,,Yes,Collectr,4.8,0.0
O N E P I E C E,One Piece,Awakening of the New Era,Shirahoshi (JP),OP05-082,R,Foil,Ungraded,Near Mint,0.0,1,3.6,False,2025-05-12,Unknown,,Yes,Collectr,3.6,0.0
O N E P I E C E,One Piece,Awakening of the New Era,Shura (JP),OP05-106,R,Foil,Ungraded,Near Mint,0.0,1,3.2,False,2025-05-12,Unknown,,Yes,Collectr,3.2,0.0
O N E P I E C E,One Piece,Awakening of the New Era,Trafalgar Law ,OP05-069,SR,Foil,Ungraded,Near Mint,0.0,1,0.35,False,2025-05-12,Unknown,,Yes,Collectr,0.35,0.0
O N E P I E C E,One Piece,Awakening of the New Era,Trafalgar Law (JP),OP05-069,SR,Foil,Ungraded,Near Mint,0.0,1,3.2,False,2025-05-12,Unknown,,Yes,Collectr,3.2,0.0
O N E P I E C E,One Piece,Awakening of the New Era,Ulti (Alternate Art) (JP),OP05-043,SR,Foil,Ungraded,Near Mint,0.0,1,9.0,False,2025-05-12,Unknown,,Yes,Collectr,9.0,0.0
O N E P I E C E,One Piece,Awakening of the New Era,Viola (JP),OP05-079,UC,Normal,Ungraded,Near Mint,0.0,1,2.21,False,2025-05-12,Unknown,,Yes,Collectr,2.21,0.0
O N E P I E C E,One Piece,Awakening of the New Era,X.Drake (JP),OP05-055,R,Foil,Ungraded,Near Mint,0.0,1,2.8,False,2025-05-12,Unknown,,Yes,Collectr,2.8,0.0
O N E P I E C E,One Piece,Awakening of the New Era,Zoro-Juurou (JP),OP05-067,R,Foil,Ungraded,Near Mint,0.0,1,5.0,False,2025-05-12,Unknown,,Yes,Collectr,5.0,0.0
O N E P I E C E,One Piece,Emperors in the New World,Alvida (JP),OP09-043,UC,Normal,Ungraded,Near Mint,0.0,1,2.3,False,2025-05-12,Unknown,,Yes,Collectr,2.3,0.0
O N E P I E C E,One Piece,Emperors in the New World,Belo Betty (JP),OP09-112,C,Normal,Ungraded,Near Mint,0.0,1,2.5,False,2025-05-12,Unknown,,Yes,Collectr,2.5,0.0
O N E P I E C E,One Piece,Emperors in the New World,Charlotte Pudding (JP),OP09-087,C,Normal,Ungraded,Near Mint,0.0,1,2.21,False,2025-05-12,Unknown,,Yes,Collectr,2.21,0.0
O N E P I E C E,One Piece,Emperors in the New World,Koala (JP),OP09-103,SR,Foil,Ungraded,Near Mint,0.0,1,3.2,False,2025-05-12,Unknown,,Yes,Collectr,3.2,0.0
O N E P I E C E,One Piece,Emperors in the New World,Lim (JP),OP09-022,L,Normal,Ungraded,Near Mint,0.0,1,2.5,False,2025-05-12,Unknown,,Yes,Collectr,2.5,0.0
O N E P I E C E,One Piece,Emperors in the New World,Lim (Parallel) (JP),OP09-037,SR,Foil,Ungraded,Near Mint,0.0,1,5.8,False,2025-05-12,Unknown,,Yes,Collectr,5.8,0.0
O N E P I E C E,One Piece,Emperors in the New World,Nami (JP),OP09-050,R,Foil,Ungraded,Near Mint,0.0,1,2.8,False,2025-05-12,Unknown,,Yes,Collectr,2.8,0.0
O N E P I E C E,One Piece,Emperors in the New World,Nico Olvia (JP),OP09-106,C,Normal,Ungraded,Near Mint,0.0,1,2.5,False,2025-05-12,Unknown,,Yes,Collectr,2.5,0.0
O N E P I E C E,One Piece,Emperors in the New World,Nico Robin (JP),OP09-071,C,Normal,Ungraded,Near Mint,0.0,1,2.5,False,2025-05-12,Unknown,,Yes,Collectr,2.5,0.0
O N E P I E C E,One Piece,Emperors in the New World,Nico Robin (JP),OP09-062,L,Normal,Ungraded,Near Mint,0.0,1,2.21,False,2025-05-12,Unknown,,Yes,Collectr,2.21,0.0
O N E P I E C E,One Piece,Emperors in the New World,Perona (JP),OP09-034,R,Foil,Ungraded,Near Mint,0.0,1,2.8,False,2025-05-12,Unknown,,Yes,Collectr,2.8,0.0
O N E P I E C E,One Piece,Emperors in the New World,Perona (Parallel) (JP),OP09-034,R,Foil,Ungraded,Near Mint,0.0,1,5.8,False,2025-05-12,Unknown,,Yes,Collectr,5.8,0.0
O N E P I E C E,One Piece,Emperors in the New World,Uta (JP),OP09-002,R,Normal,Ungraded,Near Mint,0.0,1,2.8,False,2025-05-12,Unknown,,Yes,Collectr,2.8,0.0
O N E P I E C E,One Piece,Emperors in the New World,Uta (Parallel) (JP),OP09-002,R,Foil,Ungraded,Near Mint,0.0,1,8.81,False,2025-05-12,Unknown,,Yes,Collectr,8.81,0.0
O N E P I E C E,One Piece,Kingdoms of Intrigue,Nefeltari Vivi (JP),OP04-118,SEC,Foil,Ungraded,Near Mint,0.0,1,5.5,False,2025-05-12,Unknown,,Yes,Collectr,5.5,0.0
O N E P I E C E,One Piece,Kingdoms of Intrigue,Rebecca (Alternate Art) (JP),OP04-039,L,Foil,PSA 10.0,Near Mint,0.0,1,37.75,False,2025-05-12,Unknown,,Yes,Collectr,37.75,0.0
O N E P I E C E,One Piece,One Piece Promotion Cards,Okiku (Judge) ,OP01-035,PR,Foil,Ungraded,Near Mint,0.0,1,0.49,False,2025-05-12,Unknown,,Yes,Collectr,0.49,0.0
O N E P I E C E,One Piece,One Piece Promotion Cards,Ulti (Promotion Pack 2023) ,OP01-093,PR,Normal,Ungraded,Near Mint,0.0,1,0.82,False,2025-05-12,Unknown,,Yes,Collectr,0.82,0.0
O N E P I E C E,One Piece,Pillars of Strength,Charlotte Linlin (JP),OP03-114,SR,Foil,Ungraded,Near Mint,0.0,1,7.8,False,2025-05-12,Unknown,,Yes,Collectr,7.8,0.0
O N E P I E C E,One Piece,PRB01 - One Piece Card the Best,Baby 5 (Pirate Flag Foil) (JP),OP05-034,R,Foil,Ungraded,Near Mint,0.0,1,2.8,False,2025-05-12,Unknown,,Yes,Collectr,2.8,0.0
O N E P I E C E,One Piece,PRB01 - One Piece Card the Best,Bartolomeo (Pirate Flag Foil) (JP),OP04-089,R,Foil,Ungraded,Near Mint,0.0,2,2.8,False,2025-05-12,Unknown,,Yes,Collectr,2.8,0.0
O N E P I E C E,One Piece,PRB01 - One Piece Card the Best,Belo Betty (Pirate Flag Foil) (JP),OP05-015,R,Foil,Ungraded,Near Mint,0.0,1,2.5,False,2025-05-12,Unknown,,Yes,Collectr,2.5,0.0
O N E P I E C E,One Piece,PRB01 - One Piece Card the Best,Charlotte Perospero (JP),OP03-113,SR,Normal,Ungraded,Near Mint,0.0,1,2.8,False,2025-05-12,Unknown,,Yes,Collectr,2.8,0.0
O N E P I E C E,One Piece,PRB01 - One Piece Card the Best,Charlotte Smoothie (Parallel) (JP),OP03-110,R,Foil,Ungraded,Near Mint,0.0,1,5.8,False,2025-05-12,Unknown,,Yes,Collectr,5.8,0.0
O N E P I E C E,One Piece,PRB01 - One Piece Card the Best,Emporio.Ivankov (Pirate Flag Foil) (JP),OP06-003,UC,Foil,Ungraded,Near Mint,0.0,1,2.3,False,2025-05-12,Unknown,,Yes,Collectr,2.3,0.0
O N E P I E C E,One Piece,PRB01 - One Piece Card the Best,Gum-Gum Giant Gavel (Pirate Flag Foil) (JP),OP03-055,C,Foil,Ungraded,Near Mint,0.0,1,2.5,False,2025-05-12,Unknown,,Yes,Collectr,2.5,0.0
O N E P I E C E,One Piece,PRB01 - One Piece Card the Best,Koala (JP),OP05-006,SR,Normal,Ungraded,Near Mint,0.0,1,2.5,False,2025-05-12,Unknown,,Yes,Collectr,2.5,0.0
O N E P I E C E,One Piece,PRB01 - One Piece Card the Best,Miss Doublefinger (Zala) (Full Art) (JP),OP05-073,UC,Foil,Ungraded,Near Mint,0.0,1,6.8,False,2025-05-12,Unknown,,Yes,Collectr,6.8,0.0
O N E P I E C E,One Piece,PRB01 - One Piece Card the Best,Ryuma (Pirate Flag Foil) (JP),OP06-036,R,Foil,Ungraded,Near Mint,0.0,1,2.3,False,2025-05-12,Unknown,,Yes,Collectr,2.3,0.0
O N E P I E C E,One Piece,PRB01 - One Piece Card the Best,Shockwave (Pirate Flag Foil) (JP),ST06-014,C,Foil,Ungraded,Near Mint,0.0,1,2.3,False,2025-05-12,Unknown,,Yes,Collectr,2.3,0.0
O N E P I E C E,One Piece,PRB01 - One Piece Card the Best,Two-Hundred Million Volts Amaru (JP),OP05-115,R,Normal,Ungraded,Near Mint,0.0,1,2.8,False,2025-05-12,Unknown,,Yes,Collectr,2.8,0.0
O N E P I E C E,One Piece,PRB01 - One Piece Card the Best,Ulti (JP),OP05-043,SR,Normal,Ungraded,Near Mint,0.0,1,2.8,False,2025-05-12,Unknown,,Yes,Collectr,2.8,0.0
O N E P I E C E,One Piece,PRB01 - One Piece Card the Best,Upper Yard (Pirate Flag Foil) (JP),OP05-117,UC,Foil,Ungraded,Near Mint,0.0,1,2.5,False,2025-05-12,Unknown,,Yes,Collectr,2.5,0.0
O N E P I E C E,One Piece,Premium Booster,Vinsmoke Reiju (OP06-068) (Jolly Roger Foil) ,OP06-068,C,Foil,Ungraded,Near Mint,0.0,1,0.25,False,2025-05-12,Unknown,,Yes,Collectr,0.25,0.0
O N E P I E C E,One Piece,Romance Dawn,Black Maria ,OP01-111,R,Foil,Ungraded,Near Mint,0.0,1,0.16,False,2025-05-12,Unknown,,Yes,Collectr,0.16,0.0
O N E P I E C E,One Piece,Romance Dawn,Izo (JP),OP01-033,UC,Normal,Ungraded,Near Mint,0.0,1,2.8,False,2025-05-12,Unknown,,Yes,Collectr,2.8,0.0
O N E P I E C E,One Piece,Romance Dawn,Ms. All Sunday ,OP01-079,R,Foil,Ungraded,Near Mint,0.0,1,0.44,False,2025-05-12,Unknown,,Yes,Collectr,0.44,0.0
O N E P I E C E,One Piece,Romance Dawn,Nami ,OP01-016,R,Normal,Ungraded,Near Mint,0.0,1,3.83,False,2025-05-12,Unknown,,Yes,Collectr,3.83,0.0
O N E P I E C E,One Piece,Romance Dawn,Nico Robin (JP),OP01-017,R,Foil,Ungraded,Near Mint,0.0,1,2.5,False,2025-05-12,Unknown,,Yes,Collectr,2.5,0.0
O N E P I E C E,One Piece,Romance Dawn,Page One ,OP01-112,R,Foil,Ungraded,Near Mint,0.0,1,0.2,False,2025-05-12,Unknown,,Yes,Collectr,0.2,0.0
O N E P I E C E,One Piece,Romance Dawn,Usopp (JP),OP01-004,R,Foil,Ungraded,Near Mint,0.0,1,2.3,False,2025-05-12,Unknown,,Yes,Collectr,2.3,0.0
O N E P I E C E,One Piece,Romance Dawn,Uta (JP),OP01-005,R,Foil,Ungraded,Near Mint,0.0,1,2.8,False,2025-05-12,Unknown,,Yes,Collectr,2.8,0.0
O N E P I E C E,One Piece,Romance Dawn,Yamato ,OP01-121,SEC,Foil,Ungraded,Near Mint,0.0,1,4.1,False,2025-05-12,Unknown,,Yes,Collectr,4.1,0.0
O N E P I E C E,One Piece,Royal Blood,Sanji (Parallel) ,OP10-005,SR,Foil,Ungraded,Near Mint,0.0,1,26.05,False,2025-05-12,Unknown,,Yes,Collectr,26.05,0.0
O N E P I E C E,One Piece,Wings of the Captain,Hody Jones (JP),OP06-020,L,Normal,Ungraded,Near Mint,0.0,1,2.21,False,2025-05-12,Unknown,,Yes,Collectr,2.21,0.0
O N E P I E C E,One Piece,Wings of the Captain,O-Nami ,OP06-101,R,Foil,Ungraded,Near Mint,0.0,1,0.61,False,2025-05-12,Unknown,,Yes,Collectr,0.61,0.0
O N E P I E C E,One Piece,Wings of the Captain,Raki ,OP06-113,C,Normal,Ungraded,Near Mint,0.0,1,0.08,False,2025-05-12,Unknown,,Yes,Collectr,0.08,0.0
O N E P I E C E,One Piece,Wings of the Captain,Tashigi ,OP06-050,R,Normal,Ungraded,Near Mint,0.0,1,0.2,False,2025-05-12,Unknown,,Yes,Collectr,0.2,0.0
O N E P I E C E,One Piece,Wings of the Captain,Uta (JP),OP06-001,L,Normal,Ungraded,Near Mint,0.0,1,2.8,False,2025-05-12,Unknown,,Yes,Collectr,2.8,0.0
O N E P I E C E,One Piece,Wings of the Captain,Vinsmoke Reiju (042) ,OP06-042,L,Normal,Ungraded,Near Mint,0.0,1,0.13,False,2025-05-12,Unknown,,Yes,Collectr,0.13,0.0
O N E P I E C E,One Piece,Wings of the Captain,Vinsmoke Reiju (JP),OP06-068,C,Normal,Ungraded,Near Mint,0.0,1,2.21,False,2025-05-12,Unknown,,Yes,Collectr,2.21,0.0
O N E P I E C E,One Piece,Wings of the Captain,Yamato (JP),OP06-022,L,Normal,Ungraded,Near Mint,0.0,1,2.21,False,2025-05-12,Unknown,,Yes,Collectr,2.21,0.0
O N E P I E C E,One Piece,Wings of the Captain Pre-Release Cards,Aisa ,OP06-099,C,Normal,Ungraded,Near Mint,0.0,1,0.55,False,2025-05-12,Unknown,,Yes,Collectr,0.55,0.0
O N E P I E C E,One Piece,Wings of the Captain Pre-Release Cards,Cosette ,OP06-072,C,Normal,Ungraded,Near Mint,0.0,2,0.44,False,2025-05-12,Unknown,,Yes,Collectr,0.44,0.0
O N E P I E C E,One Piece,Wings of the Captain Pre-Release Cards,Victoria Cindry ,OP06-091,UC,Normal,Ungraded,Near Mint,0.0,1,4.6,False,2025-05-12,Unknown,,Yes,Collectr,4.6,0.0
O N E P I E C E,One Piece,Wings of the Captain Pre-Release Cards,Vinsmoke Sora ,OP06-063,UC,Normal,Ungraded,Near Mint,0.0,1,11.69,False,2025-05-12,Unknown,,Yes,Collectr,11.69,0.0
psa,Pokemon,Cosmic Eclipse,Reshiram & Zekrom GX ,157/236,Ultra Rare,Holofoil,Ungraded,Near Mint,0.0,1,69.08,False,2025-05-15,Unknown,,Yes,Collectr,69.08,0.0
psa,Pokemon,Crown Zenith: Galarian Gallery,Melony ,GG64/GG70,Ultra Rare,Holofoil,Ungraded,Near Mint,0.0,1,5.28,False,2025-05-15,Unknown,,Yes,Collectr,5.28,0.0
psa,Pokemon,Fusion Strike,Genesect V (Alternate Full Art) ,255/264,Ultra Rare,Holofoil,Ungraded,Near Mint,0.0,1,28.01,False,2025-04-20,Unknown,,Yes,Collectr,28.01,0.0
psa,Pokemon,Paradox Rift,Vanillish - 190/182 ,190/182,Illustration Rare,Holofoil,Ungraded,Near Mint,0.0,1,12.45,False,2025-05-15,Unknown,,Yes,Collectr,12.45,0.0
psa,Pokemon,Scarlet & Violet Promo,Greninja ex ,132,Promo,Holofoil,Ungraded,Near Mint,0.0,1,27.32,False,2025-04-20,Unknown,,Yes,Collectr,27.32,0.0
psa,Pokemon,Scarlet & Violet Promo,Kingdra ex - 131 ,131,Promo,Holofoil,Ungraded,Near Mint,0.0,1,24.06,False,2025-04-20,Unknown,,Yes,Collectr,24.06,0.0
psa,Pokemon,Silver Tempest Trainer Gallery,Altaria ,TG11/TG30,Ultra Rare,Holofoil,Ungraded,Near Mint,0.0,1,3.34,False,2025-04-28,Unknown,,Yes,Collectr,3.34,0.0
psa,Pokemon,SV: 151,Squirtle ,170/165,Illustration Rare,Holofoil,Ungraded,Near Mint,0.0,1,46.05,False,2025-04-20,Unknown,,Yes,Collectr,46.05,0.0
psa,Pokemon,Sword & Shield Promo,Galarian Moltres - SWSH284 ,SWSH284,Promo,Holofoil,Ungraded,Near Mint,0.0,1,5.04,False,2025-05-15,Unknown,,Yes,Collectr,5.04,0.0
psa,Pokemon,Terastal Festival ex,Janine's Secret Technique (JP),228/187,Special Art Rare,Holofoil,Ungraded,Near Mint,0.0,1,12.0,False,2025-05-15,Unknown,,Yes,Collectr,12.0,0.0
psa,Pokemon,Terastal Festival ex,Lacey (JP),231/187,Special Art Rare,Holofoil,Ungraded,Near Mint,0.0,1,10.9017,False,2025-05-15,Unknown,,Yes,Collectr,10.9017,0.0
psa,Pokemon,Twilight Masquerade,Chansey ,187/167,Illustration Rare,Holofoil,Ungraded,Near Mint,0.0,1,17.21,False,2025-05-15,Unknown,,Yes,Collectr,17.21,0.0
